Line,Stop,Date,Score
1,8012,20210906,66.25
1,8012,20210907,65.74
1,8012,20210908,54.57
1,8012,20210909,64.34
1,8012,20210910,61.97
1,8012,20210911,95.87
1,8012,20210912,97.24
1,8012,20210913,60.9
1,8012,20210914,49.12
1,8012,20210915,46.71
1,8012,20210916,57.54
1,8012,20210917,54.46
1,8012,20210918,94.13
1,8012,20210919,97.35
1,8012,20210920,51.27
1,8012,20210921,49.57
1,8012,20210906,75.75
1,8012,20210907,84.99
1,8012,20210908,76.44
1,8012,20210909,62.59
1,8012,20210910,80.28
1,8012,20210911,92.83
1,8012,20210912,84.06
1,8012,20210913,88.79
1,8012,20210914,85.23
1,8012,20210915,74.89
1,8012,20210916,84.77
1,8012,20210917,78.33
1,8012,20210918,92.47
1,8012,20210919,93.04
1,8012,20210920,39.39
1,8012,20210921,48.1
1,8022,20210906,68.45
1,8022,20210907,69.04
1,8022,20210908,45.65
1,8022,20210909,64.8
1,8022,20210910,61.27
1,8022,20210911,95.47
1,8022,20210912,97.16
1,8022,20210913,54.78
1,8022,20210914,57.38
1,8022,20210915,54.39
1,8022,20210916,50.53
1,8022,20210917,47.85
1,8022,20210918,93.37
1,8022,20210919,96.5
1,8022,20210920,51.07
1,8022,20210921,50.63
1,8022,20210906,74.44
1,8022,20210907,85.16
1,8022,20210908,75.57
1,8022,20210909,63.32
1,8022,20210910,82.25
1,8022,20210911,93.84
1,8022,20210912,80.58
1,8022,20210913,78.75
1,8022,20210914,88.36
1,8022,20210915,85.39
1,8022,20210916,76.54
1,8022,20210917,60.57
1,8022,20210918,91.92
1,8022,20210919,92.95
1,8022,20210920,48.28
1,8022,20210921,46.68
1,8032,20210906,65.55
1,8032,20210907,67.9
1,8032,20210908,46.72
1,8032,20210909,63.04
1,8032,20210910,61.36
1,8032,20210911,95.0
1,8032,20210912,96.61
1,8032,20210913,60.66
1,8032,20210914,53.81
1,8032,20210915,53.7
1,8032,20210916,52.94
1,8032,20210917,47.42
1,8032,20210918,94.09
1,8032,20210919,93.53
1,8032,20210920,52.67
1,8032,20210921,51.09
1,8032,20210906,68.38
1,8032,20210907,83.7
1,8032,20210908,76.3
1,8032,20210909,64.27
1,8032,20210910,83.09
1,8032,20210911,92.89
1,8032,20210912,78.69
1,8032,20210913,84.49
1,8032,20210914,85.3
1,8032,20210915,85.37
1,8032,20210916,80.09
1,8032,20210917,67.0
1,8032,20210918,93.59
1,8032,20210919,88.71
1,8032,20210920,44.89
1,8032,20210921,40.46
1,8042,20210906,64.08
1,8042,20210907,71.8
1,8042,20210908,53.88
1,8042,20210909,68.39
1,8042,20210910,61.36
1,8042,20210911,94.73
1,8042,20210912,97.56
1,8042,20210913,55.46
1,8042,20210914,51.79
1,8042,20210915,53.18
1,8042,20210916,53.2
1,8042,20210917,48.4
1,8042,20210918,93.55
1,8042,20210919,97.05
1,8042,20210920,47.84
1,8042,20210921,50.79
1,8042,20210906,68.63
1,8042,20210907,88.51
1,8042,20210908,75.18
1,8042,20210909,66.84
1,8042,20210910,82.99
1,8042,20210911,93.05
1,8042,20210912,82.85
1,8042,20210913,85.07
1,8042,20210914,83.76
1,8042,20210915,84.59
1,8042,20210916,80.32
1,8042,20210917,67.57
1,8042,20210918,93.53
1,8042,20210919,91.38
1,8042,20210920,41.06
1,8042,20210921,40.96
1,8052,20210906,68.28
1,8052,20210907,66.39
1,8052,20210908,47.99
1,8052,20210909,69.26
1,8052,20210910,57.26
1,8052,20210911,94.9
1,8052,20210912,94.24
1,8052,20210913,57.06
1,8052,20210914,55.26
1,8052,20210915,52.71
1,8052,20210916,53.47
1,8052,20210917,49.23
1,8052,20210918,94.55
1,8052,20210919,91.2
1,8052,20210920,42.63
1,8052,20210921,50.22
1,8052,20210906,74.41
1,8052,20210907,87.08
1,8052,20210908,81.27
1,8052,20210909,68.56
1,8052,20210910,82.79
1,8052,20210911,93.08
1,8052,20210912,80.37
1,8052,20210913,84.24
1,8052,20210914,85.26
1,8052,20210915,84.19
1,8052,20210916,80.73
1,8052,20210917,75.78
1,8052,20210918,93.77
1,8052,20210919,90.71
1,8052,20210920,39.01
1,8052,20210921,46.39
1,8062,20210906,69.11
1,8062,20210907,69.42
1,8062,20210908,51.66
1,8062,20210909,64.18
1,8062,20210910,61.49
1,8062,20210911,94.45
1,8062,20210912,95.15
1,8062,20210913,56.86
1,8062,20210914,49.78
1,8062,20210915,54.93
1,8062,20210916,56.36
1,8062,20210917,52.3
1,8062,20210918,93.65
1,8062,20210919,95.02
1,8062,20210920,52.66
1,8062,20210921,50.5
1,8062,20210906,73.8
1,8062,20210907,87.81
1,8062,20210908,80.77
1,8062,20210909,65.29
1,8062,20210910,82.73
1,8062,20210911,93.49
1,8062,20210912,81.22
1,8062,20210913,85.81
1,8062,20210914,85.05
1,8062,20210915,83.42
1,8062,20210916,84.38
1,8062,20210917,71.04
1,8062,20210918,93.0
1,8062,20210919,92.23
1,8062,20210920,42.28
1,8062,20210921,46.98
1,8072,20210906,66.01
1,8072,20210907,69.11
1,8072,20210908,49.64
1,8072,20210909,59.74
1,8072,20210910,59.59
1,8072,20210911,93.19
1,8072,20210912,95.56
1,8072,20210913,67.2
1,8072,20210914,55.82
1,8072,20210915,55.13
1,8072,20210916,55.13
1,8072,20210917,42.83
1,8072,20210918,94.06
1,8072,20210919,96.32
1,8072,20210920,45.6
1,8072,20210921,46.12
1,8072,20210906,75.73
1,8072,20210907,87.68
1,8072,20210908,79.01
1,8072,20210909,70.6
1,8072,20210910,79.43
1,8072,20210911,93.73
1,8072,20210912,84.37
1,8072,20210913,89.74
1,8072,20210914,87.19
1,8072,20210915,83.55
1,8072,20210916,84.55
1,8072,20210917,67.69
1,8072,20210918,93.66
1,8072,20210919,90.81
1,8072,20210920,36.56
1,8072,20210921,49.21
1,8272,20210906,67.8
1,8272,20210907,65.93
1,8272,20210908,50.07
1,8272,20210909,65.63
1,8272,20210910,62.14
1,8272,20210911,95.19
1,8272,20210912,97.64
1,8272,20210913,56.52
1,8272,20210914,51.68
1,8272,20210915,47.2
1,8272,20210916,54.38
1,8272,20210917,50.46
1,8272,20210918,94.46
1,8272,20210919,97.59
1,8272,20210920,56.32
1,8272,20210921,53.09
1,8272,20210906,76.44
1,8272,20210907,84.7
1,8272,20210908,79.56
1,8272,20210909,59.09
1,8272,20210910,80.61
1,8272,20210911,94.2
1,8272,20210912,83.84
1,8272,20210913,81.1
1,8272,20210914,75.4
1,8272,20210915,75.43
1,8272,20210916,82.55
1,8272,20210917,71.84
1,8272,20210918,93.02
1,8272,20210919,91.87
1,8272,20210920,36.84
1,8272,20210921,45.6
1,8282,20210906,67.94
1,8282,20210907,68.31
1,8282,20210908,49.82
1,8282,20210909,67.26
1,8282,20210910,60.45
1,8282,20210911,92.27
1,8282,20210912,97.67
1,8282,20210913,62.07
1,8282,20210914,55.35
1,8282,20210915,50.23
1,8282,20210916,56.31
1,8282,20210917,48.09
1,8282,20210918,93.22
1,8282,20210919,97.5
1,8282,20210920,53.53
1,8282,20210921,55.35
1,8282,20210906,76.59
1,8282,20210907,84.65
1,8282,20210908,81.69
1,8282,20210909,62.99
1,8282,20210910,76.19
1,8282,20210911,93.95
1,8282,20210912,83.67
1,8282,20210913,83.19
1,8282,20210914,82.06
1,8282,20210915,76.49
1,8282,20210916,82.0
1,8282,20210917,71.02
1,8282,20210918,93.02
1,8282,20210919,93.68
1,8282,20210920,41.63
1,8282,20210921,43.62
1,8292,20210906,67.47
1,8292,20210907,71.0
1,8292,20210908,46.08
1,8292,20210909,65.11
1,8292,20210910,58.81
1,8292,20210911,92.54
1,8292,20210912,96.83
1,8292,20210913,57.88
1,8292,20210914,54.04
1,8292,20210915,46.65
1,8292,20210916,55.44
1,8292,20210917,49.4
1,8292,20210918,93.85
1,8292,20210919,96.18
1,8292,20210920,52.07
1,8292,20210921,52.11
1,8292,20210906,77.53
1,8292,20210907,87.88
1,8292,20210908,77.91
1,8292,20210909,58.96
1,8292,20210910,77.65
1,8292,20210911,93.78
1,8292,20210912,83.09
1,8292,20210913,79.68
1,8292,20210914,80.43
1,8292,20210915,76.06
1,8292,20210916,80.61
1,8292,20210917,68.32
1,8292,20210918,93.01
1,8292,20210919,93.9
1,8292,20210920,44.55
1,8292,20210921,39.41
1,8733,20210906,68.62
1,8733,20210907,66.69
1,8733,20210908,47.11
1,8733,20210909,62.67
1,8733,20210910,58.55
1,8733,20210911,90.56
1,8733,20210912,88.39
1,8733,20210913,55.16
1,8733,20210914,53.87
1,8733,20210915,47.68
1,8733,20210916,60.29
1,8733,20210917,51.33
1,8733,20210918,88.48
1,8733,20210919,79.76
1,8733,20210920,53.51
1,8733,20210921,53.77
1,8733,20210906,78.77
1,8733,20210907,84.43
1,8733,20210908,81.56
1,8733,20210909,74.37
1,8733,20210910,80.59
1,8733,20210911,87.67
1,8733,20210912,83.24
1,8733,20210913,80.13
1,8733,20210914,82.92
1,8733,20210915,73.27
1,8733,20210916,84.85
1,8733,20210917,72.12
1,8733,20210918,87.64
1,8733,20210919,82.68
1,8733,20210920,70.3
1,8733,20210921,52.86
1,8742,20210906,69.2
1,8742,20210907,68.28
1,8742,20210908,52.45
1,8742,20210909,64.54
1,8742,20210910,62.58
1,8742,20210911,92.52
1,8742,20210912,97.38
1,8742,20210913,57.69
1,8742,20210914,54.2
1,8742,20210915,50.88
1,8742,20210916,58.19
1,8742,20210917,50.29
1,8742,20210918,93.6
1,8742,20210919,95.8
1,8742,20210920,49.17
1,8742,20210921,53.88
1,8742,20210906,77.88
1,8742,20210907,86.4
1,8742,20210908,82.43
1,8742,20210909,74.92
1,8742,20210910,81.11
1,8742,20210911,93.45
1,8742,20210912,78.29
1,8742,20210913,83.29
1,8742,20210914,78.82
1,8742,20210915,76.28
1,8742,20210916,84.31
1,8742,20210917,69.78
1,8742,20210918,92.43
1,8742,20210919,86.02
1,8742,20210920,39.47
1,8742,20210921,50.6
1,8011,20210906,65.34
1,8011,20210907,67.32
1,8011,20210908,51.0
1,8011,20210909,64.49
1,8011,20210910,58.09
1,8011,20210911,93.55
1,8011,20210912,87.32
1,8011,20210913,60.18
1,8011,20210914,50.19
1,8011,20210915,54.13
1,8011,20210916,50.55
1,8011,20210917,53.21
1,8011,20210918,91.46
1,8011,20210919,93.89
1,8011,20210920,62.13
1,8011,20210921,46.89
1,8011,20210906,74.42
1,8011,20210907,89.06
1,8011,20210908,82.48
1,8011,20210909,72.52
1,8011,20210910,79.68
1,8011,20210911,93.63
1,8011,20210912,72.04
1,8011,20210913,82.18
1,8011,20210914,82.4
1,8011,20210915,80.28
1,8011,20210916,80.69
1,8011,20210917,81.46
1,8011,20210918,88.9
1,8011,20210919,92.66
1,8011,20210920,35.79
1,8011,20210921,43.64
1,8021,20210906,64.37
1,8021,20210907,68.22
1,8021,20210908,47.03
1,8021,20210909,59.27
1,8021,20210910,58.08
1,8021,20210911,91.88
1,8021,20210912,78.09
1,8021,20210913,59.12
1,8021,20210914,45.61
1,8021,20210915,47.64
1,8021,20210916,53.37
1,8021,20210917,46.51
1,8021,20210918,93.47
1,8021,20210919,87.61
1,8021,20210920,56.78
1,8021,20210921,45.2
1,8021,20210906,76.58
1,8021,20210907,87.99
1,8021,20210908,76.96
1,8021,20210909,70.8
1,8021,20210910,81.25
1,8021,20210911,93.21
1,8021,20210912,75.06
1,8021,20210913,80.62
1,8021,20210914,82.25
1,8021,20210915,82.71
1,8021,20210916,81.18
1,8021,20210917,75.34
1,8021,20210918,92.38
1,8021,20210919,84.25
1,8021,20210920,53.89
1,8021,20210921,44.02
1,8031,20210906,64.47
1,8031,20210907,67.7
1,8031,20210908,44.72
1,8031,20210909,59.5
1,8031,20210910,57.77
1,8031,20210911,89.21
1,8031,20210912,76.81
1,8031,20210913,58.91
1,8031,20210914,51.39
1,8031,20210915,48.33
1,8031,20210916,53.34
1,8031,20210917,48.28
1,8031,20210918,93.27
1,8031,20210919,87.44
1,8031,20210920,54.78
1,8031,20210921,47.98
1,8031,20210906,76.67
1,8031,20210907,87.71
1,8031,20210908,76.21
1,8031,20210909,72.75
1,8031,20210910,81.12
1,8031,20210911,93.49
1,8031,20210912,79.38
1,8031,20210913,80.11
1,8031,20210914,83.68
1,8031,20210915,83.5
1,8031,20210916,82.82
1,8031,20210917,77.14
1,8031,20210918,91.82
1,8031,20210919,79.95
1,8031,20210920,52.04
1,8031,20210921,48.08
1,8041,20210906,66.37
1,8041,20210907,67.23
1,8041,20210908,41.52
1,8041,20210909,58.61
1,8041,20210910,56.08
1,8041,20210911,92.71
1,8041,20210912,84.8
1,8041,20210913,58.44
1,8041,20210914,54.9
1,8041,20210915,45.61
1,8041,20210916,55.32
1,8041,20210917,47.39
1,8041,20210918,93.23
1,8041,20210919,87.49
1,8041,20210920,54.76
1,8041,20210921,47.82
1,8041,20210906,78.31
1,8041,20210907,87.46
1,8041,20210908,77.88
1,8041,20210909,76.74
1,8041,20210910,79.04
1,8041,20210911,94.63
1,8041,20210912,78.5
1,8041,20210913,77.24
1,8041,20210914,84.48
1,8041,20210915,83.55
1,8041,20210916,86.5
1,8041,20210917,79.19
1,8041,20210918,91.83
1,8041,20210919,77.75
1,8041,20210920,53.38
1,8041,20210921,45.79
1,8051,20210906,68.21
1,8051,20210907,67.64
1,8051,20210908,45.63
1,8051,20210909,54.84
1,8051,20210910,56.82
1,8051,20210911,93.77
1,8051,20210912,84.73
1,8051,20210913,51.53
1,8051,20210914,53.89
1,8051,20210915,47.26
1,8051,20210916,50.79
1,8051,20210917,49.63
1,8051,20210918,92.83
1,8051,20210919,86.27
1,8051,20210920,55.34
1,8051,20210921,48.17
1,8051,20210906,76.9
1,8051,20210907,85.93
1,8051,20210908,79.97
1,8051,20210909,69.78
1,8051,20210910,77.92
1,8051,20210911,96.17
1,8051,20210912,75.22
1,8051,20210913,76.85
1,8051,20210914,81.57
1,8051,20210915,82.83
1,8051,20210916,78.95
1,8051,20210917,76.68
1,8051,20210918,89.85
1,8051,20210919,77.82
1,8051,20210920,50.2
1,8051,20210921,46.58
1,8061,20210906,66.63
1,8061,20210907,66.26
1,8061,20210908,45.26
1,8061,20210909,62.46
1,8061,20210910,57.6
1,8061,20210911,92.91
1,8061,20210912,81.52
1,8061,20210913,59.23
1,8061,20210914,57.17
1,8061,20210915,50.49
1,8061,20210916,54.24
1,8061,20210917,42.99
1,8061,20210918,91.11
1,8061,20210919,87.21
1,8061,20210920,43.5
1,8061,20210921,49.6
1,8061,20210906,77.49
1,8061,20210907,87.51
1,8061,20210908,78.68
1,8061,20210909,69.54
1,8061,20210910,76.06
1,8061,20210911,92.87
1,8061,20210912,74.29
1,8061,20210913,83.11
1,8061,20210914,83.82
1,8061,20210915,81.27
1,8061,20210916,82.15
1,8061,20210917,66.4
1,8061,20210918,90.19
1,8061,20210919,76.69
1,8061,20210920,51.74
1,8061,20210921,49.34
1,8071,20210906,66.08
1,8071,20210907,69.32
1,8071,20210908,46.23
1,8071,20210909,63.7
1,8071,20210910,57.75
1,8071,20210911,93.17
1,8071,20210912,89.18
1,8071,20210913,60.85
1,8071,20210914,49.98
1,8071,20210915,53.34
1,8071,20210916,54.23
1,8071,20210917,47.0
1,8071,20210918,90.44
1,8071,20210919,90.39
1,8071,20210920,62.58
1,8071,20210921,47.61
1,8071,20210906,78.11
1,8071,20210907,87.04
1,8071,20210908,80.16
1,8071,20210909,72.28
1,8071,20210910,80.67
1,8071,20210911,93.27
1,8071,20210912,76.32
1,8071,20210913,84.65
1,8071,20210914,79.2
1,8071,20210915,85.09
1,8071,20210916,81.69
1,8071,20210917,64.77
1,8071,20210918,90.53
1,8071,20210919,90.6
1,8071,20210920,47.29
1,8071,20210921,45.56
1,8271,20210906,64.82
1,8271,20210907,67.78
1,8271,20210908,50.87
1,8271,20210909,65.52
1,8271,20210910,52.56
1,8271,20210911,91.77
1,8271,20210912,81.11
1,8271,20210913,61.93
1,8271,20210914,50.31
1,8271,20210915,44.21
1,8271,20210916,51.91
1,8271,20210917,58.66
1,8271,20210918,90.18
1,8271,20210919,91.63
1,8271,20210920,51.73
1,8271,20210921,45.94
1,8271,20210906,75.41
1,8271,20210907,85.07
1,8271,20210908,76.54
1,8271,20210909,72.16
1,8271,20210910,83.02
1,8271,20210911,90.38
1,8271,20210912,73.43
1,8271,20210913,85.58
1,8271,20210914,81.97
1,8271,20210915,80.7
1,8271,20210916,80.4
1,8271,20210917,73.04
1,8271,20210918,89.84
1,8271,20210919,92.42
1,8271,20210920,35.95
1,8271,20210921,34.11
1,8281,20210906,64.44
1,8281,20210907,66.89
1,8281,20210908,49.51
1,8281,20210909,61.48
1,8281,20210910,55.84
1,8281,20210911,93.97
1,8281,20210912,75.79
1,8281,20210913,44.53
1,8281,20210914,42.33
1,8281,20210915,42.08
1,8281,20210916,51.09
1,8281,20210917,43.94
1,8281,20210918,90.44
1,8281,20210919,91.98
1,8281,20210920,51.09
1,8281,20210921,43.46
1,8281,20210906,74.84
1,8281,20210907,87.29
1,8281,20210908,78.16
1,8281,20210909,63.94
1,8281,20210910,80.51
1,8281,20210911,94.31
1,8281,20210912,80.38
1,8281,20210913,74.62
1,8281,20210914,77.75
1,8281,20210915,78.13
1,8281,20210916,82.7
1,8281,20210917,70.37
1,8281,20210918,92.7
1,8281,20210919,87.99
1,8281,20210920,32.93
1,8281,20210921,33.93
1,8291,20210906,67.08
1,8291,20210907,64.71
1,8291,20210908,50.71
1,8291,20210909,62.81
1,8291,20210910,58.83
1,8291,20210911,91.97
1,8291,20210912,87.6
1,8291,20210913,61.08
1,8291,20210914,51.12
1,8291,20210915,47.86
1,8291,20210916,48.04
1,8291,20210917,56.18
1,8291,20210918,90.07
1,8291,20210919,89.22
1,8291,20210920,61.26
1,8291,20210921,44.54
1,8291,20210906,72.43
1,8291,20210907,86.98
1,8291,20210908,83.21
1,8291,20210909,70.39
1,8291,20210910,80.69
1,8291,20210911,94.18
1,8291,20210912,65.03
1,8291,20210913,83.16
1,8291,20210914,83.73
1,8291,20210915,75.22
1,8291,20210916,81.59
1,8291,20210917,65.34
1,8291,20210918,91.95
1,8291,20210919,89.68
1,8291,20210920,48.75
1,8291,20210921,36.12
1,8731,20210906,70.23
1,8731,20210907,55.51
1,8731,20210908,64.02
1,8731,20210909,61.63
1,8731,20210910,66.28
1,8731,20210911,93.03
1,8731,20210912,90.79
1,8731,20210913,62.23
1,8731,20210914,55.55
1,8731,20210915,60.7
1,8731,20210916,48.46
1,8731,20210917,56.37
1,8731,20210918,90.49
1,8731,20210919,77.86
1,8731,20210920,55.35
1,8731,20210921,45.86
1,8731,20210906,68.32
1,8731,20210907,79.96
1,8731,20210908,41.42
1,8731,20210909,64.7
1,8731,20210910,53.3
1,8731,20210911,93.59
1,8731,20210912,74.75
1,8731,20210913,77.09
1,8731,20210914,55.04
1,8731,20210915,70.26
1,8731,20210916,72.46
1,8731,20210917,32.79
1,8731,20210918,85.37
1,8731,20210919,89.5
1,8731,20210920,50.78
1,8731,20210921,27.74
1,8741,20210906,65.43
1,8741,20210907,65.3
1,8741,20210908,50.1
1,8741,20210909,61.85
1,8741,20210910,55.4
1,8741,20210911,95.05
1,8741,20210912,75.29
1,8741,20210913,55.56
1,8741,20210914,52.67
1,8741,20210915,43.04
1,8741,20210916,49.78
1,8741,20210917,47.2
1,8741,20210918,89.36
1,8741,20210919,86.26
1,8741,20210920,56.46
1,8741,20210921,39.4
1,8741,20210906,74.0
1,8741,20210907,86.52
1,8741,20210908,77.27
1,8741,20210909,69.02
1,8741,20210910,80.85
1,8741,20210911,95.13
1,8741,20210912,66.82
1,8741,20210913,78.18
1,8741,20210914,84.89
1,8741,20210915,77.15
1,8741,20210916,81.35
1,8741,20210917,61.56
1,8741,20210918,92.14
1,8741,20210919,82.29
1,8741,20210920,47.05
1,8741,20210921,32.0
2,8743,20210906,70.52
2,8743,20210907,84.03
2,8743,20210908,78.74
2,8743,20210909,52.76
2,8743,20210910,56.06
2,8743,20210911,93.07
2,8743,20210912,94.7
2,8743,20210913,72.64
2,8743,20210914,59.8
2,8743,20210915,79.12
2,8743,20210916,79.58
2,8743,20210917,48.02
2,8743,20210918,89.94
2,8743,20210919,77.78
2,8743,20210920,52.73
2,8743,20210921,42.12
2,8743,20210906,74.63
2,8743,20210907,70.65
2,8743,20210908,57.39
2,8743,20210909,60.83
2,8743,20210910,48.44
2,8743,20210911,93.57
2,8743,20210912,95.49
2,8743,20210913,46.66
2,8743,20210914,57.76
2,8743,20210915,63.15
2,8743,20210916,50.95
2,8743,20210917,58.58
2,8743,20210918,92.2
2,8743,20210919,91.83
2,8743,20210920,61.74
2,8743,20210921,32.98
5,8012,20210906,79.61
5,8012,20210907,75.88
5,8012,20210908,61.06
5,8012,20210909,77.44
5,8012,20210910,69.05
5,8012,20210911,93.42
5,8012,20210912,95.37
5,8012,20210913,68.58
5,8012,20210914,69.6
5,8012,20210915,59.98
5,8012,20210916,60.93
5,8012,20210917,58.69
5,8012,20210918,87.11
5,8012,20210919,93.28
5,8012,20210920,64.58
5,8012,20210921,64.82
5,8012,20210906,62.8
5,8012,20210907,88.98
5,8012,20210908,81.29
5,8012,20210909,70.32
5,8012,20210910,83.42
5,8012,20210911,94.95
5,8012,20210912,83.45
5,8012,20210913,84.0
5,8012,20210914,89.06
5,8012,20210915,74.18
5,8012,20210916,79.61
5,8012,20210917,72.37
5,8012,20210918,88.42
5,8012,20210919,92.55
5,8012,20210920,45.35
5,8012,20210921,40.81
5,8022,20210906,79.58
5,8022,20210907,78.82
5,8022,20210908,59.71
5,8022,20210909,73.91
5,8022,20210910,70.3
5,8022,20210911,94.3
5,8022,20210912,94.94
5,8022,20210913,66.03
5,8022,20210914,70.37
5,8022,20210915,68.72
5,8022,20210916,60.54
5,8022,20210917,60.68
5,8022,20210918,89.32
5,8022,20210919,91.42
5,8022,20210920,62.06
5,8022,20210921,62.33
5,8022,20210906,71.41
5,8022,20210907,89.59
5,8022,20210908,79.23
5,8022,20210909,66.57
5,8022,20210910,80.48
5,8022,20210911,94.77
5,8022,20210912,83.88
5,8022,20210913,83.29
5,8022,20210914,86.44
5,8022,20210915,82.8
5,8022,20210916,78.7
5,8022,20210917,70.95
5,8022,20210918,91.86
5,8022,20210919,91.78
5,8022,20210920,42.5
5,8022,20210921,42.97
5,8032,20210906,80.57
5,8032,20210907,73.3
5,8032,20210908,61.12
5,8032,20210909,77.77
5,8032,20210910,67.43
5,8032,20210911,95.26
5,8032,20210912,95.17
5,8032,20210913,70.34
5,8032,20210914,61.57
5,8032,20210915,72.23
5,8032,20210916,62.41
5,8032,20210917,54.87
5,8032,20210918,89.14
5,8032,20210919,92.28
5,8032,20210920,64.42
5,8032,20210921,64.38
5,8032,20210906,72.62
5,8032,20210907,86.06
5,8032,20210908,86.89
5,8032,20210909,64.12
5,8032,20210910,82.62
5,8032,20210911,94.39
5,8032,20210912,85.41
5,8032,20210913,88.25
5,8032,20210914,82.87
5,8032,20210915,84.95
5,8032,20210916,81.95
5,8032,20210917,61.77
5,8032,20210918,90.31
5,8032,20210919,91.95
5,8032,20210920,60.4
5,8032,20210921,43.81
5,8042,20210906,79.56
5,8042,20210907,76.68
5,8042,20210908,60.85
5,8042,20210909,73.32
5,8042,20210910,69.76
5,8042,20210911,94.59
5,8042,20210912,95.17
5,8042,20210913,67.23
5,8042,20210914,61.18
5,8042,20210915,73.37
5,8042,20210916,62.61
5,8042,20210917,59.39
5,8042,20210918,89.72
5,8042,20210919,91.57
5,8042,20210920,63.44
5,8042,20210921,65.03
5,8042,20210906,70.88
5,8042,20210907,89.48
5,8042,20210908,76.01
5,8042,20210909,66.28
5,8042,20210910,74.95
5,8042,20210911,92.82
5,8042,20210912,82.72
5,8042,20210913,81.26
5,8042,20210914,82.71
5,8042,20210915,85.04
5,8042,20210916,79.18
5,8042,20210917,51.83
5,8042,20210918,91.41
5,8042,20210919,92.98
5,8042,20210920,56.09
5,8042,20210921,46.21
5,8052,20210906,80.46
5,8052,20210907,77.25
5,8052,20210908,58.4
5,8052,20210909,75.99
5,8052,20210910,71.37
5,8052,20210911,94.61
5,8052,20210912,94.75
5,8052,20210913,68.74
5,8052,20210914,66.68
5,8052,20210915,72.08
5,8052,20210916,62.23
5,8052,20210917,53.95
5,8052,20210918,89.23
5,8052,20210919,92.88
5,8052,20210920,65.29
5,8052,20210921,61.56
5,8052,20210906,72.22
5,8052,20210907,89.97
5,8052,20210908,79.47
5,8052,20210909,68.2
5,8052,20210910,78.46
5,8052,20210911,93.68
5,8052,20210912,82.38
5,8052,20210913,86.42
5,8052,20210914,83.74
5,8052,20210915,83.95
5,8052,20210916,81.09
5,8052,20210917,58.83
5,8052,20210918,90.68
5,8052,20210919,89.26
5,8052,20210920,59.96
5,8052,20210921,54.65
5,8062,20210906,81.18
5,8062,20210907,77.28
5,8062,20210908,63.37
5,8062,20210909,79.58
5,8062,20210910,73.09
5,8062,20210911,93.74
5,8062,20210912,96.1
5,8062,20210913,71.67
5,8062,20210914,64.64
5,8062,20210915,74.26
5,8062,20210916,64.67
5,8062,20210917,55.63
5,8062,20210918,87.64
5,8062,20210919,90.09
5,8062,20210920,63.32
5,8062,20210921,68.93
5,8062,20210906,73.16
5,8062,20210907,88.39
5,8062,20210908,74.78
5,8062,20210909,71.26
5,8062,20210910,82.36
5,8062,20210911,94.7
5,8062,20210912,88.42
5,8062,20210913,84.46
5,8062,20210914,82.84
5,8062,20210915,85.48
5,8062,20210916,84.66
5,8062,20210917,59.15
5,8062,20210918,88.1
5,8062,20210919,84.45
5,8062,20210920,56.69
5,8062,20210921,49.11
5,8072,20210906,79.0
5,8072,20210907,77.44
5,8072,20210908,57.59
5,8072,20210909,76.05
5,8072,20210910,71.02
5,8072,20210911,90.56
5,8072,20210912,92.76
5,8072,20210913,73.86
5,8072,20210914,66.15
5,8072,20210915,71.42
5,8072,20210916,65.9
5,8072,20210917,55.72
5,8072,20210918,88.69
5,8072,20210919,90.47
5,8072,20210920,67.78
5,8072,20210921,67.95
5,8072,20210906,72.1
5,8072,20210907,88.88
5,8072,20210908,72.83
5,8072,20210909,71.61
5,8072,20210910,79.81
5,8072,20210911,94.59
5,8072,20210912,88.35
5,8072,20210913,81.29
5,8072,20210914,85.13
5,8072,20210915,84.7
5,8072,20210916,85.07
5,8072,20210917,67.52
5,8072,20210918,87.97
5,8072,20210919,88.04
5,8072,20210920,54.45
5,8072,20210921,42.95
5,8202,20210906,78.83
5,8202,20210907,76.4
5,8202,20210908,55.13
5,8202,20210909,72.33
5,8202,20210910,68.94
5,8202,20210911,93.72
5,8202,20210912,94.25
5,8202,20210913,71.66
5,8202,20210914,69.37
5,8202,20210915,68.91
5,8202,20210916,68.02
5,8202,20210917,59.65
5,8202,20210918,87.76
5,8202,20210919,92.55
5,8202,20210920,65.3
5,8202,20210921,68.49
5,8202,20210906,69.83
5,8202,20210907,87.84
5,8202,20210908,73.52
5,8202,20210909,72.73
5,8202,20210910,77.54
5,8202,20210911,94.89
5,8202,20210912,87.09
5,8202,20210913,81.83
5,8202,20210914,85.86
5,8202,20210915,82.57
5,8202,20210916,84.59
5,8202,20210917,68.88
5,8202,20210918,88.02
5,8202,20210919,89.54
5,8202,20210920,56.2
5,8202,20210921,49.53
5,8212,20210906,79.62
5,8212,20210907,73.41
5,8212,20210908,62.08
5,8212,20210909,68.72
5,8212,20210910,67.17
5,8212,20210911,91.35
5,8212,20210912,93.2
5,8212,20210913,69.27
5,8212,20210914,62.59
5,8212,20210915,68.44
5,8212,20210916,69.17
5,8212,20210917,61.47
5,8212,20210918,83.18
5,8212,20210919,91.81
5,8212,20210920,66.96
5,8212,20210921,64.84
5,8212,20210906,70.07
5,8212,20210907,85.7
5,8212,20210908,80.0
5,8212,20210909,71.54
5,8212,20210910,84.12
5,8212,20210911,95.35
5,8212,20210912,84.4
5,8212,20210913,82.35
5,8212,20210914,84.22
5,8212,20210915,84.12
5,8212,20210916,84.96
5,8212,20210917,73.37
5,8212,20210918,85.14
5,8212,20210919,87.56
5,8212,20210920,52.6
5,8212,20210921,58.79
5,8222,20210906,79.66
5,8222,20210907,69.06
5,8222,20210908,66.66
5,8222,20210909,70.15
5,8222,20210910,66.62
5,8222,20210911,90.59
5,8222,20210912,93.5
5,8222,20210913,68.64
5,8222,20210914,69.94
5,8222,20210915,69.4
5,8222,20210916,59.63
5,8222,20210917,58.56
5,8222,20210918,86.98
5,8222,20210919,93.17
5,8222,20210920,64.71
5,8222,20210921,62.89
5,8222,20210906,70.58
5,8222,20210907,83.61
5,8222,20210908,75.14
5,8222,20210909,68.5
5,8222,20210910,81.82
5,8222,20210911,94.62
5,8222,20210912,86.89
5,8222,20210913,80.44
5,8222,20210914,87.06
5,8222,20210915,82.65
5,8222,20210916,71.38
5,8222,20210917,66.88
5,8222,20210918,84.47
5,8222,20210919,88.43
5,8222,20210920,55.08
5,8222,20210921,49.77
5,8232,20210906,70.7
5,8232,20210907,60.55
5,8232,20210908,53.46
5,8232,20210909,65.93
5,8232,20210910,55.33
5,8232,20210911,90.58
5,8232,20210912,93.84
5,8232,20210913,62.61
5,8232,20210914,53.18
5,8232,20210915,56.87
5,8232,20210916,49.65
5,8232,20210917,49.91
5,8232,20210918,89.78
5,8232,20210919,91.84
5,8232,20210920,60.23
5,8232,20210921,51.62
5,8232,20210906,72.51
5,8232,20210907,85.35
5,8232,20210908,81.73
5,8232,20210909,74.34
5,8232,20210910,79.64
5,8232,20210911,95.61
5,8232,20210912,83.19
5,8232,20210913,81.28
5,8232,20210914,84.65
5,8232,20210915,81.12
5,8232,20210916,67.05
5,8232,20210917,70.99
5,8232,20210918,88.76
5,8232,20210919,88.03
5,8232,20210920,50.33
5,8232,20210921,48.22
5,8272,20210906,79.84
5,8272,20210907,77.2
5,8272,20210908,57.62
5,8272,20210909,74.03
5,8272,20210910,68.52
5,8272,20210911,92.87
5,8272,20210912,94.69
5,8272,20210913,67.46
5,8272,20210914,70.74
5,8272,20210915,59.8
5,8272,20210916,64.82
5,8272,20210917,58.2
5,8272,20210918,85.67
5,8272,20210919,91.42
5,8272,20210920,65.25
5,8272,20210921,65.13
5,8272,20210906,63.72
5,8272,20210907,89.58
5,8272,20210908,78.03
5,8272,20210909,77.48
5,8272,20210910,83.25
5,8272,20210911,97.53
5,8272,20210912,84.05
5,8272,20210913,79.39
5,8272,20210914,82.71
5,8272,20210915,73.66
5,8272,20210916,81.74
5,8272,20210917,71.01
5,8272,20210918,88.32
5,8272,20210919,90.13
5,8272,20210920,51.07
5,8272,20210921,42.66
5,8282,20210906,80.97
5,8282,20210907,69.81
5,8282,20210908,61.35
5,8282,20210909,79.17
5,8282,20210910,70.3
5,8282,20210911,92.6
5,8282,20210912,96.0
5,8282,20210913,72.8
5,8282,20210914,60.83
5,8282,20210915,62.28
5,8282,20210916,66.91
5,8282,20210917,60.39
5,8282,20210918,86.26
5,8282,20210919,93.19
5,8282,20210920,66.36
5,8282,20210921,62.31
5,8282,20210906,65.73
5,8282,20210907,86.87
5,8282,20210908,80.95
5,8282,20210909,74.35
5,8282,20210910,81.12
5,8282,20210911,96.49
5,8282,20210912,87.7
5,8282,20210913,84.3
5,8282,20210914,71.18
5,8282,20210915,72.94
5,8282,20210916,85.68
5,8282,20210917,72.51
5,8282,20210918,84.94
5,8282,20210919,92.25
5,8282,20210920,47.11
5,8282,20210921,44.92
5,8292,20210906,80.69
5,8292,20210907,72.27
5,8292,20210908,57.22
5,8292,20210909,77.01
5,8292,20210910,71.1
5,8292,20210911,93.68
5,8292,20210912,95.87
5,8292,20210913,66.35
5,8292,20210914,57.57
5,8292,20210915,56.57
5,8292,20210916,66.9
5,8292,20210917,60.65
5,8292,20210918,87.57
5,8292,20210919,92.38
5,8292,20210920,63.44
5,8292,20210921,62.5
5,8292,20210906,65.48
5,8292,20210907,85.89
5,8292,20210908,77.24
5,8292,20210909,70.92
5,8292,20210910,83.42
5,8292,20210911,97.39
5,8292,20210912,81.76
5,8292,20210913,81.68
5,8292,20210914,71.51
5,8292,20210915,71.47
5,8292,20210916,85.84
5,8292,20210917,72.4
5,8292,20210918,85.33
5,8292,20210919,94.16
5,8292,20210920,45.82
5,8292,20210921,45.01
5,8742,20210906,81.88
5,8742,20210907,78.4
5,8742,20210908,63.61
5,8742,20210909,79.43
5,8742,20210910,71.2
5,8742,20210911,94.61
5,8742,20210912,96.31
5,8742,20210913,69.76
5,8742,20210914,72.44
5,8742,20210915,59.43
5,8742,20210916,67.36
5,8742,20210917,57.47
5,8742,20210918,87.23
5,8742,20210919,94.05
5,8742,20210920,68.81
5,8742,20210921,66.26
5,8742,20210906,66.38
5,8742,20210907,91.11
5,8742,20210908,81.59
5,8742,20210909,74.23
5,8742,20210910,88.55
5,8742,20210911,95.34
5,8742,20210912,81.37
5,8742,20210913,81.68
5,8742,20210914,84.73
5,8742,20210915,69.83
5,8742,20210916,85.65
5,8742,20210917,68.53
5,8742,20210918,86.37
5,8742,20210919,90.74
5,8742,20210920,61.86
5,8742,20210921,58.02
5,8242,20210906,70.78
5,8242,20210907,66.45
5,8242,20210908,49.46
5,8242,20210909,64.72
5,8242,20210910,61.1
5,8242,20210911,92.5
5,8242,20210912,90.76
5,8242,20210913,60.11
5,8242,20210914,52.64
5,8242,20210915,56.67
5,8242,20210916,54.41
5,8242,20210917,48.06
5,8242,20210918,91.29
5,8242,20210919,92.05
5,8242,20210920,52.64
5,8242,20210921,47.14
5,8242,20210906,72.67
5,8242,20210907,87.02
5,8242,20210908,82.16
5,8242,20210909,74.05
5,8242,20210910,78.69
5,8242,20210911,92.39
5,8242,20210912,83.78
5,8242,20210913,80.53
5,8242,20210914,82.95
5,8242,20210915,81.96
5,8242,20210916,80.18
5,8242,20210917,66.52
5,8242,20210918,93.02
5,8242,20210919,86.41
5,8242,20210920,43.03
5,8242,20210921,42.37
5,8252,20210906,68.26
5,8252,20210907,64.94
5,8252,20210908,42.25
5,8252,20210909,65.46
5,8252,20210910,51.61
5,8252,20210911,92.09
5,8252,20210912,92.03
5,8252,20210913,58.46
5,8252,20210914,54.93
5,8252,20210915,56.01
5,8252,20210916,51.59
5,8252,20210917,45.78
5,8252,20210918,92.1
5,8252,20210919,92.84
5,8252,20210920,54.49
5,8252,20210921,45.66
5,8252,20210906,70.85
5,8252,20210907,87.4
5,8252,20210908,74.34
5,8252,20210909,72.65
5,8252,20210910,79.79
5,8252,20210911,92.31
5,8252,20210912,88.73
5,8252,20210913,76.61
5,8252,20210914,83.49
5,8252,20210915,80.88
5,8252,20210916,79.7
5,8252,20210917,62.7
5,8252,20210918,91.23
5,8252,20210919,85.94
5,8252,20210920,41.93
5,8252,20210921,38.64
5,8262,20210906,70.75
5,8262,20210907,74.05
5,8262,20210908,84.31
5,8262,20210909,70.37
5,8262,20210910,85.48
5,8262,20210911,89.59
5,8262,20210912,95.06
5,8262,20210913,73.03
5,8262,20210914,87.67
5,8262,20210915,79.48
5,8262,20210916,86.12
5,8262,20210917,80.71
5,8262,20210918,89.89
5,8262,20210919,83.17
5,8262,20210920,79.25
5,8262,20210921,65.16
5,8262,20210906,66.32
5,8262,20210907,72.9
5,8262,20210908,82.39
5,8262,20210909,66.8
5,8262,20210910,78.89
5,8262,20210911,90.09
5,8262,20210912,85.29
5,8262,20210913,63.67
5,8262,20210914,86.42
5,8262,20210915,67.74
5,8262,20210916,82.76
5,8262,20210917,82.6
5,8262,20210918,84.96
5,8262,20210919,73.01
5,8262,20210920,65.7
5,8262,20210921,53.93
5,8641,20210906,55.25
5,8641,20210907,95.12
5,8641,20210908,96.76
5,8641,20210909,83.8
5,8641,20210910,72.1
5,8641,20210911,95.67
5,8641,20210912,98.87
5,8641,20210913,53.39
5,8641,20210914,57.77
5,8641,20210915,71.66
5,8641,20210916,58.6
5,8641,20210917,61.4
5,8641,20210918,79.1
5,8641,20210919,97.57
5,8641,20210920,77.6
5,8641,20210921,94.31
5,8641,20210906,0.0
5,8641,20210907,0.0
5,8641,20210908,0.0
5,8641,20210909,0.0
5,8641,20210910,0.0
5,8641,20210911,0.0
5,8641,20210912,0.0
5,8641,20210913,0.0
5,8641,20210914,0.0
5,8641,20210915,0.0
5,8641,20210916,0.0
5,8641,20210917,0.0
5,8641,20210918,0.0
5,8641,20210919,0.0
5,8641,20210920,0.0
5,8641,20210921,0.0
5,8652,20210906,84.19
5,8652,20210907,76.23
5,8652,20210908,64.94
5,8652,20210909,84.59
5,8652,20210910,74.93
5,8652,20210911,95.24
5,8652,20210912,94.85
5,8652,20210913,62.95
5,8652,20210914,73.79
5,8652,20210915,68.69
5,8652,20210916,63.67
5,8652,20210917,74.31
5,8652,20210918,92.54
5,8652,20210919,93.03
5,8652,20210920,69.5
5,8652,20210921,61.2
5,8652,20210906,68.65
5,8652,20210907,86.24
5,8652,20210908,77.71
5,8652,20210909,73.96
5,8652,20210910,75.7
5,8652,20210911,94.08
5,8652,20210912,85.3
5,8652,20210913,80.85
5,8652,20210914,89.41
5,8652,20210915,85.64
5,8652,20210916,80.96
5,8652,20210917,66.59
5,8652,20210918,93.72
5,8652,20210919,92.0
5,8652,20210920,70.29
5,8652,20210921,56.97
5,8662,20210906,83.76
5,8662,20210907,75.61
5,8662,20210908,65.02
5,8662,20210909,80.18
5,8662,20210910,74.04
5,8662,20210911,91.56
5,8662,20210912,94.54
5,8662,20210913,70.56
5,8662,20210914,70.32
5,8662,20210915,69.35
5,8662,20210916,65.38
5,8662,20210917,72.74
5,8662,20210918,92.18
5,8662,20210919,92.29
5,8662,20210920,67.65
5,8662,20210921,62.61
5,8662,20210906,69.38
5,8662,20210907,87.72
5,8662,20210908,77.32
5,8662,20210909,72.98
5,8662,20210910,83.14
5,8662,20210911,89.37
5,8662,20210912,88.91
5,8662,20210913,82.55
5,8662,20210914,90.22
5,8662,20210915,85.78
5,8662,20210916,81.29
5,8662,20210917,70.86
5,8662,20210918,93.5
5,8662,20210919,88.24
5,8662,20210920,61.25
5,8662,20210921,59.16
5,8672,20210906,83.58
5,8672,20210907,77.18
5,8672,20210908,68.89
5,8672,20210909,81.34
5,8672,20210910,75.14
5,8672,20210911,96.72
5,8672,20210912,95.1
5,8672,20210913,68.78
5,8672,20210914,69.21
5,8672,20210915,70.18
5,8672,20210916,64.42
5,8672,20210917,83.73
5,8672,20210918,88.33
5,8672,20210919,94.35
5,8672,20210920,69.15
5,8672,20210921,61.14
5,8672,20210906,69.14
5,8672,20210907,88.67
5,8672,20210908,77.01
5,8672,20210909,71.88
5,8672,20210910,84.31
5,8672,20210911,95.43
5,8672,20210912,86.16
5,8672,20210913,84.04
5,8672,20210914,89.81
5,8672,20210915,86.68
5,8672,20210916,83.97
5,8672,20210917,60.42
5,8672,20210918,89.75
5,8672,20210919,94.62
5,8672,20210920,60.65
5,8672,20210921,57.23
5,8682,20210906,83.43
5,8682,20210907,75.75
5,8682,20210908,60.76
5,8682,20210909,79.59
5,8682,20210910,73.24
5,8682,20210911,96.77
5,8682,20210912,95.28
5,8682,20210913,69.25
5,8682,20210914,68.93
5,8682,20210915,69.99
5,8682,20210916,68.0
5,8682,20210917,58.35
5,8682,20210918,88.84
5,8682,20210919,94.76
5,8682,20210920,70.32
5,8682,20210921,58.88
5,8682,20210906,69.43
5,8682,20210907,86.72
5,8682,20210908,74.92
5,8682,20210909,81.24
5,8682,20210910,82.2
5,8682,20210911,95.26
5,8682,20210912,82.59
5,8682,20210913,83.68
5,8682,20210914,88.74
5,8682,20210915,86.47
5,8682,20210916,84.46
5,8682,20210917,51.03
5,8682,20210918,89.24
5,8682,20210919,89.48
5,8682,20210920,62.84
5,8682,20210921,54.99
5,8692,20210906,83.5
5,8692,20210907,77.0
5,8692,20210908,59.8
5,8692,20210909,79.69
5,8692,20210910,70.49
5,8692,20210911,97.15
5,8692,20210912,96.74
5,8692,20210913,69.95
5,8692,20210914,72.66
5,8692,20210915,70.22
5,8692,20210916,66.58
5,8692,20210917,63.84
5,8692,20210918,88.98
5,8692,20210919,94.93
5,8692,20210920,65.57
5,8692,20210921,60.75
5,8692,20210906,70.21
5,8692,20210907,90.01
5,8692,20210908,76.5
5,8692,20210909,78.74
5,8692,20210910,81.31
5,8692,20210911,94.02
5,8692,20210912,83.25
5,8692,20210913,83.14
5,8692,20210914,88.67
5,8692,20210915,85.24
5,8692,20210916,84.8
5,8692,20210917,51.02
5,8692,20210918,89.47
5,8692,20210919,91.96
5,8692,20210920,67.18
5,8692,20210921,53.94
5,8702,20210906,83.65
5,8702,20210907,75.43
5,8702,20210908,60.74
5,8702,20210909,77.74
5,8702,20210910,70.32
5,8702,20210911,96.59
5,8702,20210912,95.45
5,8702,20210913,73.17
5,8702,20210914,72.75
5,8702,20210915,69.04
5,8702,20210916,65.77
5,8702,20210917,56.37
5,8702,20210918,84.92
5,8702,20210919,93.25
5,8702,20210920,69.16
5,8702,20210921,59.97
5,8702,20210906,69.58
5,8702,20210907,87.07
5,8702,20210908,76.71
5,8702,20210909,77.96
5,8702,20210910,79.61
5,8702,20210911,94.22
5,8702,20210912,80.19
5,8702,20210913,86.55
5,8702,20210914,89.66
5,8702,20210915,85.12
5,8702,20210916,84.99
5,8702,20210917,48.3
5,8702,20210918,89.04
5,8702,20210919,91.58
5,8702,20210920,64.42
5,8702,20210921,55.31
5,8712,20210906,84.0
5,8712,20210907,76.72
5,8712,20210908,61.19
5,8712,20210909,81.68
5,8712,20210910,70.35
5,8712,20210911,95.39
5,8712,20210912,95.96
5,8712,20210913,70.87
5,8712,20210914,76.82
5,8712,20210915,69.29
5,8712,20210916,60.16
5,8712,20210917,56.81
5,8712,20210918,81.71
5,8712,20210919,93.83
5,8712,20210920,63.66
5,8712,20210921,60.63
5,8712,20210906,69.91
5,8712,20210907,89.42
5,8712,20210908,79.32
5,8712,20210909,76.77
5,8712,20210910,81.49
5,8712,20210911,96.37
5,8712,20210912,78.88
5,8712,20210913,85.04
5,8712,20210914,88.34
5,8712,20210915,77.88
5,8712,20210916,77.32
5,8712,20210917,52.86
5,8712,20210918,86.39
5,8712,20210919,95.63
5,8712,20210920,66.74
5,8712,20210921,56.6
5,8722,20210906,83.49
5,8722,20210907,76.78
5,8722,20210908,61.23
5,8722,20210909,80.03
5,8722,20210910,69.74
5,8722,20210911,93.69
5,8722,20210912,96.75
5,8722,20210913,68.44
5,8722,20210914,59.26
5,8722,20210915,62.63
5,8722,20210916,68.0
5,8722,20210917,57.62
5,8722,20210918,82.19
5,8722,20210919,92.53
5,8722,20210920,68.59
5,8722,20210921,63.32
5,8722,20210906,69.93
5,8722,20210907,90.35
5,8722,20210908,80.03
5,8722,20210909,81.66
5,8722,20210910,79.52
5,8722,20210911,96.03
5,8722,20210912,80.69
5,8722,20210913,82.09
5,8722,20210914,92.61
5,8722,20210915,73.47
5,8722,20210916,83.9
5,8722,20210917,73.57
5,8722,20210918,86.51
5,8722,20210919,89.43
5,8722,20210920,49.21
5,8722,20210921,59.14
5,8732,20210906,82.77
5,8732,20210907,75.79
5,8732,20210908,59.19
5,8732,20210909,70.14
5,8732,20210910,73.19
5,8732,20210911,86.43
5,8732,20210912,90.93
5,8732,20210913,72.06
5,8732,20210914,63.83
5,8732,20210915,57.59
5,8732,20210916,66.14
5,8732,20210917,57.87
5,8732,20210918,82.97
5,8732,20210919,85.55
5,8732,20210920,64.69
5,8732,20210921,64.43
5,8732,20210906,66.86
5,8732,20210907,88.9
5,8732,20210908,79.36
5,8732,20210909,72.91
5,8732,20210910,80.91
5,8732,20210911,87.66
5,8732,20210912,82.66
5,8732,20210913,81.81
5,8732,20210914,74.05
5,8732,20210915,71.36
5,8732,20210916,84.88
5,8732,20210917,71.18
5,8732,20210918,86.13
5,8732,20210919,80.18
5,8732,20210920,58.05
5,8732,20210921,57.22
5,8011,20210906,73.66
5,8011,20210907,73.0
5,8011,20210908,68.5
5,8011,20210909,71.11
5,8011,20210910,79.05
5,8011,20210911,94.87
5,8011,20210912,91.42
5,8011,20210913,78.09
5,8011,20210914,64.02
5,8011,20210915,79.31
5,8011,20210916,64.1
5,8011,20210917,67.67
5,8011,20210918,95.68
5,8011,20210919,92.9
5,8011,20210920,65.19
5,8011,20210921,62.81
5,8011,20210906,63.6
5,8011,20210907,87.81
5,8011,20210908,80.69
5,8011,20210909,79.37
5,8011,20210910,79.68
5,8011,20210911,97.32
5,8011,20210912,80.91
5,8011,20210913,80.4
5,8011,20210914,81.12
5,8011,20210915,83.02
5,8011,20210916,82.8
5,8011,20210917,70.72
5,8011,20210918,91.93
5,8011,20210919,89.03
5,8011,20210920,45.27
5,8011,20210921,39.63
5,8021,20210906,68.96
5,8021,20210907,72.23
5,8021,20210908,60.65
5,8021,20210909,62.3
5,8021,20210910,74.61
5,8021,20210911,94.85
5,8021,20210912,90.78
5,8021,20210913,72.93
5,8021,20210914,51.16
5,8021,20210915,78.52
5,8021,20210916,62.08
5,8021,20210917,65.63
5,8021,20210918,96.69
5,8021,20210919,95.84
5,8021,20210920,57.65
5,8021,20210921,62.39
5,8021,20210906,66.14
5,8021,20210907,88.2
5,8021,20210908,77.78
5,8021,20210909,76.86
5,8021,20210910,79.47
5,8021,20210911,93.03
5,8021,20210912,81.91
5,8021,20210913,73.65
5,8021,20210914,77.61
5,8021,20210915,82.17
5,8021,20210916,82.93
5,8021,20210917,68.34
5,8021,20210918,93.9
5,8021,20210919,93.35
5,8021,20210920,34.68
5,8021,20210921,48.29
5,8031,20210906,70.66
5,8031,20210907,71.56
5,8031,20210908,60.94
5,8031,20210909,63.71
5,8031,20210910,74.87
5,8031,20210911,93.89
5,8031,20210912,91.44
5,8031,20210913,70.7
5,8031,20210914,55.73
5,8031,20210915,81.57
5,8031,20210916,65.06
5,8031,20210917,65.32
5,8031,20210918,96.46
5,8031,20210919,94.32
5,8031,20210920,58.57
5,8031,20210921,61.05
5,8031,20210906,65.83
5,8031,20210907,87.55
5,8031,20210908,78.21
5,8031,20210909,76.66
5,8031,20210910,79.18
5,8031,20210911,92.42
5,8031,20210912,76.0
5,8031,20210913,71.69
5,8031,20210914,83.66
5,8031,20210915,81.2
5,8031,20210916,79.91
5,8031,20210917,67.13
5,8031,20210918,93.68
5,8031,20210919,93.75
5,8031,20210920,48.53
5,8031,20210921,42.68
5,8041,20210906,70.83
5,8041,20210907,71.56
5,8041,20210908,65.81
5,8041,20210909,68.42
5,8041,20210910,74.55
5,8041,20210911,94.8
5,8041,20210912,93.59
5,8041,20210913,71.35
5,8041,20210914,50.71
5,8041,20210915,81.7
5,8041,20210916,64.67
5,8041,20210917,61.6
5,8041,20210918,95.05
5,8041,20210919,93.38
5,8041,20210920,55.33
5,8041,20210921,58.85
5,8041,20210906,65.89
5,8041,20210907,87.3
5,8041,20210908,78.42
5,8041,20210909,75.86
5,8041,20210910,79.79
5,8041,20210911,93.17
5,8041,20210912,76.26
5,8041,20210913,87.32
5,8041,20210914,81.65
5,8041,20210915,82.67
5,8041,20210916,86.38
5,8041,20210917,72.28
5,8041,20210918,92.33
5,8041,20210919,91.71
5,8041,20210920,53.39
5,8041,20210921,44.35
5,8051,20210906,72.68
5,8051,20210907,71.45
5,8051,20210908,50.72
5,8051,20210909,64.46
5,8051,20210910,73.04
5,8051,20210911,94.1
5,8051,20210912,91.1
5,8051,20210913,72.0
5,8051,20210914,56.04
5,8051,20210915,80.92
5,8051,20210916,64.68
5,8051,20210917,63.4
5,8051,20210918,96.36
5,8051,20210919,90.88
5,8051,20210920,60.14
5,8051,20210921,60.59
5,8051,20210906,66.52
5,8051,20210907,86.99
5,8051,20210908,69.82
5,8051,20210909,75.54
5,8051,20210910,78.5
5,8051,20210911,92.47
5,8051,20210912,82.6
5,8051,20210913,84.87
5,8051,20210914,82.17
5,8051,20210915,82.58
5,8051,20210916,84.38
5,8051,20210917,73.56
5,8051,20210918,93.9
5,8051,20210919,91.17
5,8051,20210920,54.11
5,8051,20210921,47.09
5,8061,20210906,74.02
5,8061,20210907,72.81
5,8061,20210908,58.01
5,8061,20210909,70.17
5,8061,20210910,69.19
5,8061,20210911,93.58
5,8061,20210912,91.68
5,8061,20210913,72.86
5,8061,20210914,57.63
5,8061,20210915,73.23
5,8061,20210916,66.55
5,8061,20210917,68.23
5,8061,20210918,94.61
5,8061,20210919,92.78
5,8061,20210920,54.91
5,8061,20210921,59.77
5,8061,20210906,64.99
5,8061,20210907,86.53
5,8061,20210908,72.13
5,8061,20210909,80.97
5,8061,20210910,74.76
5,8061,20210911,92.09
5,8061,20210912,76.37
5,8061,20210913,84.7
5,8061,20210914,82.75
5,8061,20210915,82.11
5,8061,20210916,80.68
5,8061,20210917,75.06
5,8061,20210918,92.58
5,8061,20210919,93.91
5,8061,20210920,52.16
5,8061,20210921,44.74
5,8071,20210906,72.98
5,8071,20210907,76.23
5,8071,20210908,73.52
5,8071,20210909,80.42
5,8071,20210910,79.32
5,8071,20210911,91.89
5,8071,20210912,92.42
5,8071,20210913,73.49
5,8071,20210914,68.01
5,8071,20210915,82.48
5,8071,20210916,66.77
5,8071,20210917,77.37
5,8071,20210918,95.2
5,8071,20210919,97.32
5,8071,20210920,67.65
5,8071,20210921,72.96
5,8071,20210906,64.69
5,8071,20210907,88.91
5,8071,20210908,82.61
5,8071,20210909,74.6
5,8071,20210910,78.37
5,8071,20210911,91.92
5,8071,20210912,80.15
5,8071,20210913,81.26
5,8071,20210914,82.63
5,8071,20210915,83.11
5,8071,20210916,85.86
5,8071,20210917,73.35
5,8071,20210918,91.8
5,8071,20210919,93.77
5,8071,20210920,55.46
5,8071,20210921,53.11
5,8201,20210906,73.7
5,8201,20210907,75.92
5,8201,20210908,72.6
5,8201,20210909,74.41
5,8201,20210910,79.38
5,8201,20210911,92.11
5,8201,20210912,92.58
5,8201,20210913,77.25
5,8201,20210914,69.11
5,8201,20210915,81.07
5,8201,20210916,72.39
5,8201,20210917,70.4
5,8201,20210918,95.39
5,8201,20210919,93.35
5,8201,20210920,62.49
5,8201,20210921,64.86
5,8201,20210906,66.44
5,8201,20210907,85.49
5,8201,20210908,78.56
5,8201,20210909,79.15
5,8201,20210910,77.74
5,8201,20210911,92.23
5,8201,20210912,74.52
5,8201,20210913,84.74
5,8201,20210914,88.11
5,8201,20210915,77.2
5,8201,20210916,83.06
5,8201,20210917,76.26
5,8201,20210918,91.06
5,8201,20210919,88.19
5,8201,20210920,52.2
5,8201,20210921,41.55
5,8211,20210906,72.16
5,8211,20210907,77.14
5,8211,20210908,69.52
5,8211,20210909,76.06
5,8211,20210910,73.34
5,8211,20210911,92.61
5,8211,20210912,93.18
5,8211,20210913,67.25
5,8211,20210914,60.94
5,8211,20210915,72.81
5,8211,20210916,76.49
5,8211,20210917,67.0
5,8211,20210918,96.1
5,8211,20210919,93.64
5,8211,20210920,64.72
5,8211,20210921,69.21
5,8211,20210906,66.66
5,8211,20210907,86.34
5,8211,20210908,78.66
5,8211,20210909,72.88
5,8211,20210910,78.6
5,8211,20210911,91.99
5,8211,20210912,79.28
5,8211,20210913,85.05
5,8211,20210914,82.77
5,8211,20210915,83.87
5,8211,20210916,80.45
5,8211,20210917,68.99
5,8211,20210918,93.39
5,8211,20210919,92.0
5,8211,20210920,56.97
5,8211,20210921,47.14
5,8221,20210906,70.79
5,8221,20210907,81.69
5,8221,20210908,66.8
5,8221,20210909,75.19
5,8221,20210910,75.04
5,8221,20210911,94.75
5,8221,20210912,92.95
5,8221,20210913,67.55
5,8221,20210914,67.56
5,8221,20210915,70.78
5,8221,20210916,76.68
5,8221,20210917,72.52
5,8221,20210918,96.04
5,8221,20210919,93.79
5,8221,20210920,67.42
5,8221,20210921,72.81
5,8221,20210906,68.31
5,8221,20210907,88.3
5,8221,20210908,77.86
5,8221,20210909,69.86
5,8221,20210910,84.05
5,8221,20210911,92.07
5,8221,20210912,79.78
5,8221,20210913,83.32
5,8221,20210914,85.59
5,8221,20210915,83.69
5,8221,20210916,79.32
5,8221,20210917,74.98
5,8221,20210918,92.8
5,8221,20210919,90.64
5,8221,20210920,66.56
5,8221,20210921,50.41
5,8231,20210906,71.06
5,8231,20210907,77.14
5,8231,20210908,67.84
5,8231,20210909,68.92
5,8231,20210910,71.13
5,8231,20210911,95.87
5,8231,20210912,94.61
5,8231,20210913,65.58
5,8231,20210914,56.44
5,8231,20210915,69.26
5,8231,20210916,66.27
5,8231,20210917,66.72
5,8231,20210918,96.21
5,8231,20210919,93.35
5,8231,20210920,68.55
5,8231,20210921,68.01
5,8231,20210906,68.89
5,8231,20210907,89.76
5,8231,20210908,77.68
5,8231,20210909,67.92
5,8231,20210910,80.49
5,8231,20210911,92.7
5,8231,20210912,80.12
5,8231,20210913,80.58
5,8231,20210914,85.17
5,8231,20210915,85.49
5,8231,20210916,71.6
5,8231,20210917,78.9
5,8231,20210918,92.41
5,8231,20210919,92.82
5,8231,20210920,63.71
5,8231,20210921,45.86
5,8241,20210906,79.81
5,8241,20210907,74.19
5,8241,20210908,69.09
5,8241,20210909,78.86
5,8241,20210910,77.29
5,8241,20210911,95.72
5,8241,20210912,97.76
5,8241,20210913,70.16
5,8241,20210914,68.57
5,8241,20210915,77.65
5,8241,20210916,70.9
5,8241,20210917,68.31
5,8241,20210918,94.26
5,8241,20210919,94.94
5,8241,20210920,74.65
5,8241,20210921,65.97
5,8241,20210906,66.94
5,8241,20210907,85.74
5,8241,20210908,79.16
5,8241,20210909,71.44
5,8241,20210910,74.51
5,8241,20210911,91.91
5,8241,20210912,74.19
5,8241,20210913,79.18
5,8241,20210914,85.69
5,8241,20210915,83.9
5,8241,20210916,74.22
5,8241,20210917,76.86
5,8241,20210918,92.57
5,8241,20210919,91.4
5,8241,20210920,59.88
5,8241,20210921,38.21
5,8251,20210906,82.79
5,8251,20210907,80.02
5,8251,20210908,75.54
5,8251,20210909,81.15
5,8251,20210910,75.2
5,8251,20210911,95.32
5,8251,20210912,97.8
5,8251,20210913,73.03
5,8251,20210914,69.97
5,8251,20210915,74.36
5,8251,20210916,72.77
5,8251,20210917,62.39
5,8251,20210918,94.59
5,8251,20210919,93.89
5,8251,20210920,73.15
5,8251,20210921,66.44
5,8251,20210906,67.06
5,8251,20210907,87.3
5,8251,20210908,75.85
5,8251,20210909,71.1
5,8251,20210910,78.68
5,8251,20210911,91.77
5,8251,20210912,74.2
5,8251,20210913,78.22
5,8251,20210914,84.88
5,8251,20210915,83.96
5,8251,20210916,85.89
5,8251,20210917,77.72
5,8251,20210918,93.92
5,8251,20210919,94.43
5,8251,20210920,61.76
5,8251,20210921,44.73
5,8261,20210906,85.86
5,8261,20210907,61.64
5,8261,20210908,51.14
5,8261,20210909,43.15
5,8261,20210910,47.51
5,8261,20210911,76.8
5,8261,20210912,83.03
5,8261,20210913,48.1
5,8261,20210914,47.0
5,8261,20210915,64.52
5,8261,20210916,56.97
5,8261,20210917,41.07
5,8261,20210918,87.71
5,8261,20210919,86.89
5,8261,20210920,45.4
5,8261,20210921,54.54
5,8261,20210906,60.1
5,8261,20210907,78.46
5,8261,20210908,75.17
5,8261,20210909,41.8
5,8261,20210910,75.19
5,8261,20210911,69.82
5,8261,20210912,81.2
5,8261,20210913,77.32
5,8261,20210914,76.45
5,8261,20210915,66.47
5,8261,20210916,74.28
5,8261,20210917,54.06
5,8261,20210918,84.09
5,8261,20210919,72.99
5,8261,20210920,42.64
5,8261,20210921,45.82
5,8271,20210906,73.68
5,8271,20210907,74.07
5,8271,20210908,61.39
5,8271,20210909,63.87
5,8271,20210910,78.28
5,8271,20210911,95.13
5,8271,20210912,90.74
5,8271,20210913,80.35
5,8271,20210914,64.65
5,8271,20210915,69.78
5,8271,20210916,64.53
5,8271,20210917,67.31
5,8271,20210918,96.33
5,8271,20210919,91.35
5,8271,20210920,66.02
5,8271,20210921,58.72
5,8271,20210906,64.98
5,8271,20210907,88.81
5,8271,20210908,77.43
5,8271,20210909,73.24
5,8271,20210910,78.86
5,8271,20210911,92.34
5,8271,20210912,75.52
5,8271,20210913,83.88
5,8271,20210914,84.15
5,8271,20210915,67.88
5,8271,20210916,85.21
5,8271,20210917,72.55
5,8271,20210918,93.88
5,8271,20210919,88.23
5,8271,20210920,48.46
5,8271,20210921,38.08
5,8281,20210906,71.41
5,8281,20210907,72.75
5,8281,20210908,63.92
5,8281,20210909,67.59
5,8281,20210910,76.19
5,8281,20210911,95.06
5,8281,20210912,86.03
5,8281,20210913,73.38
5,8281,20210914,51.01
5,8281,20210915,68.15
5,8281,20210916,64.15
5,8281,20210917,70.06
5,8281,20210918,95.76
5,8281,20210919,91.09
5,8281,20210920,56.47
5,8281,20210921,56.78
5,8281,20210906,65.94
5,8281,20210907,87.87
5,8281,20210908,78.74
5,8281,20210909,77.66
5,8281,20210910,79.37
5,8281,20210911,93.97
5,8281,20210912,74.43
5,8281,20210913,83.79
5,8281,20210914,78.4
5,8281,20210915,66.95
5,8281,20210916,83.72
5,8281,20210917,82.31
5,8281,20210918,95.0
5,8281,20210919,93.49
5,8281,20210920,48.9
5,8281,20210921,44.85
5,8291,20210906,76.12
5,8291,20210907,73.31
5,8291,20210908,75.89
5,8291,20210909,74.05
5,8291,20210910,76.49
5,8291,20210911,93.8
5,8291,20210912,92.66
5,8291,20210913,76.91
5,8291,20210914,65.14
5,8291,20210915,66.95
5,8291,20210916,66.83
5,8291,20210917,72.55
5,8291,20210918,94.58
5,8291,20210919,88.2
5,8291,20210920,64.17
5,8291,20210921,60.44
5,8291,20210906,65.05
5,8291,20210907,88.25
5,8291,20210908,80.26
5,8291,20210909,69.41
5,8291,20210910,81.91
5,8291,20210911,93.1
5,8291,20210912,75.03
5,8291,20210913,78.49
5,8291,20210914,84.43
5,8291,20210915,67.31
5,8291,20210916,86.92
5,8291,20210917,66.24
5,8291,20210918,91.63
5,8291,20210919,87.47
5,8291,20210920,50.46
5,8291,20210921,39.78
5,8642,20210906,98.01
5,8642,20210907,95.34
5,8642,20210908,98.9
5,8642,20210909,97.9
5,8642,20210910,97.33
5,8642,20210911,92.81
5,8642,20210912,95.62
5,8642,20210913,98.09
5,8642,20210914,97.57
5,8642,20210915,99.66
5,8642,20210916,98.09
5,8642,20210917,94.42
5,8642,20210918,87.99
5,8642,20210919,89.36
5,8642,20210920,91.77
5,8642,20210921,95.88
5,8642,20210906,99.3
5,8642,20210907,96.42
5,8642,20210908,97.39
5,8642,20210909,98.18
5,8642,20210910,94.61
5,8642,20210911,89.71
5,8642,20210912,92.4
5,8642,20210913,97.83
5,8642,20210914,98.44
5,8642,20210915,98.8
5,8642,20210916,98.94
5,8642,20210917,96.21
5,8642,20210918,83.78
5,8642,20210919,86.18
5,8642,20210920,95.95
5,8642,20210921,99.53
5,8651,20210906,70.13
5,8651,20210907,85.2
5,8651,20210908,67.36
5,8651,20210909,73.27
5,8651,20210910,74.67
5,8651,20210911,49.06
5,8651,20210912,79.93
5,8651,20210913,76.74
5,8651,20210914,68.56
5,8651,20210915,75.99
5,8651,20210916,74.27
5,8651,20210917,69.09
5,8651,20210918,79.49
5,8651,20210919,76.75
5,8651,20210920,67.02
5,8651,20210921,50.97
5,8651,20210906,75.31
5,8651,20210907,90.07
5,8651,20210908,76.4
5,8651,20210909,78.67
5,8651,20210910,82.53
5,8651,20210911,79.55
5,8651,20210912,87.5
5,8651,20210913,85.38
5,8651,20210914,85.17
5,8651,20210915,87.47
5,8651,20210916,80.96
5,8651,20210917,77.98
5,8651,20210918,80.68
5,8651,20210919,86.63
5,8651,20210920,75.0
5,8651,20210921,66.39
5,8661,20210906,73.34
5,8661,20210907,67.76
5,8661,20210908,41.16
5,8661,20210909,57.65
5,8661,20210910,58.21
5,8661,20210911,89.43
5,8661,20210912,82.31
5,8661,20210913,55.12
5,8661,20210914,46.63
5,8661,20210915,59.47
5,8661,20210916,53.3
5,8661,20210917,54.62
5,8661,20210918,91.99
5,8661,20210919,88.23
5,8661,20210920,43.16
5,8661,20210921,39.99
5,8661,20210906,81.04
5,8661,20210907,90.61
5,8661,20210908,75.59
5,8661,20210909,75.0
5,8661,20210910,80.18
5,8661,20210911,92.21
5,8661,20210912,76.95
5,8661,20210913,76.83
5,8661,20210914,85.67
5,8661,20210915,77.45
5,8661,20210916,79.79
5,8661,20210917,49.13
5,8661,20210918,92.55
5,8661,20210919,82.63
5,8661,20210920,46.79
5,8661,20210921,45.76
5,8671,20210906,73.22
5,8671,20210907,68.36
5,8671,20210908,40.6
5,8671,20210909,65.22
5,8671,20210910,53.0
5,8671,20210911,89.45
5,8671,20210912,84.57
5,8671,20210913,50.96
5,8671,20210914,49.39
5,8671,20210915,62.76
5,8671,20210916,55.2
5,8671,20210917,51.87
5,8671,20210918,91.28
5,8671,20210919,90.05
5,8671,20210920,48.31
5,8671,20210921,44.34
5,8671,20210906,83.55
5,8671,20210907,89.05
5,8671,20210908,74.26
5,8671,20210909,75.45
5,8671,20210910,77.76
5,8671,20210911,94.37
5,8671,20210912,77.29
5,8671,20210913,76.06
5,8671,20210914,78.46
5,8671,20210915,76.49
5,8671,20210916,80.0
5,8671,20210917,50.94
5,8671,20210918,95.36
5,8671,20210919,86.28
5,8671,20210920,46.73
5,8671,20210921,48.64
5,8681,20210906,71.13
5,8681,20210907,68.7
5,8681,20210908,39.91
5,8681,20210909,53.98
5,8681,20210910,50.87
5,8681,20210911,89.93
5,8681,20210912,88.02
5,8681,20210913,57.5
5,8681,20210914,54.98
5,8681,20210915,56.92
5,8681,20210916,58.24
5,8681,20210917,53.46
5,8681,20210918,91.9
5,8681,20210919,86.81
5,8681,20210920,44.27
5,8681,20210921,44.34
5,8681,20210906,81.35
5,8681,20210907,88.66
5,8681,20210908,73.84
5,8681,20210909,69.61
5,8681,20210910,78.11
5,8681,20210911,94.04
5,8681,20210912,72.44
5,8681,20210913,77.67
5,8681,20210914,84.6
5,8681,20210915,79.02
5,8681,20210916,83.93
5,8681,20210917,49.66
5,8681,20210918,92.99
5,8681,20210919,85.39
5,8681,20210920,43.74
5,8681,20210921,52.16
5,8691,20210906,72.79
5,8691,20210907,67.02
5,8691,20210908,42.17
5,8691,20210909,56.9
5,8691,20210910,51.12
5,8691,20210911,89.47
5,8691,20210912,82.51
5,8691,20210913,66.68
5,8691,20210914,55.71
5,8691,20210915,59.63
5,8691,20210916,55.58
5,8691,20210917,54.4
5,8691,20210918,93.19
5,8691,20210919,93.86
5,8691,20210920,47.87
5,8691,20210921,47.03
5,8691,20210906,62.81
5,8691,20210907,85.96
5,8691,20210908,73.03
5,8691,20210909,76.68
5,8691,20210910,72.63
5,8691,20210911,88.65
5,8691,20210912,74.17
5,8691,20210913,85.09
5,8691,20210914,83.41
5,8691,20210915,77.77
5,8691,20210916,78.21
5,8691,20210917,43.72
5,8691,20210918,93.17
5,8691,20210919,85.27
5,8691,20210920,35.83
5,8691,20210921,44.94
5,8701,20210906,75.96
5,8701,20210907,76.96
5,8701,20210908,48.49
5,8701,20210909,62.09
5,8701,20210910,61.68
5,8701,20210911,89.0
5,8701,20210912,81.53
5,8701,20210913,65.15
5,8701,20210914,67.98
5,8701,20210915,58.07
5,8701,20210916,64.6
5,8701,20210917,54.34
5,8701,20210918,91.69
5,8701,20210919,92.38
5,8701,20210920,59.6
5,8701,20210921,55.19
5,8701,20210906,73.81
5,8701,20210907,87.05
5,8701,20210908,67.24
5,8701,20210909,72.78
5,8701,20210910,71.94
5,8701,20210911,91.89
5,8701,20210912,75.11
5,8701,20210913,78.84
5,8701,20210914,84.9
5,8701,20210915,70.94
5,8701,20210916,81.33
5,8701,20210917,45.37
5,8701,20210918,94.92
5,8701,20210919,86.79
5,8701,20210920,46.2
5,8701,20210921,48.78
5,8711,20210906,73.49
5,8711,20210907,74.68
5,8711,20210908,52.05
5,8711,20210909,57.36
5,8711,20210910,67.47
5,8711,20210911,89.04
5,8711,20210912,80.52
5,8711,20210913,63.45
5,8711,20210914,63.7
5,8711,20210915,56.07
5,8711,20210916,64.32
5,8711,20210917,54.21
5,8711,20210918,93.57
5,8711,20210919,90.74
5,8711,20210920,54.98
5,8711,20210921,58.26
5,8711,20210906,71.67
5,8711,20210907,88.33
5,8711,20210908,71.25
5,8711,20210909,68.61
5,8711,20210910,79.22
5,8711,20210911,92.39
5,8711,20210912,68.67
5,8711,20210913,78.32
5,8711,20210914,83.99
5,8711,20210915,68.47
5,8711,20210916,80.4
5,8711,20210917,45.07
5,8711,20210918,94.61
5,8711,20210919,88.03
5,8711,20210920,45.4
5,8711,20210921,48.57
5,8721,20210906,73.51
5,8721,20210907,74.28
5,8721,20210908,56.89
5,8721,20210909,67.56
5,8721,20210910,63.56
5,8721,20210911,87.2
5,8721,20210912,84.62
5,8721,20210913,68.59
5,8721,20210914,64.99
5,8721,20210915,50.03
5,8721,20210916,64.42
5,8721,20210917,55.1
5,8721,20210918,92.14
5,8721,20210919,93.06
5,8721,20210920,61.52
5,8721,20210921,58.23
5,8721,20210906,71.97
5,8721,20210907,87.86
5,8721,20210908,75.51
5,8721,20210909,77.78
5,8721,20210910,76.81
5,8721,20210911,95.02
5,8721,20210912,80.35
5,8721,20210913,83.14
5,8721,20210914,83.76
5,8721,20210915,65.28
5,8721,20210916,81.57
5,8721,20210917,57.92
5,8721,20210918,93.86
5,8721,20210919,86.27
5,8721,20210920,46.65
5,8721,20210921,50.49
5,8731,20210906,69.37
5,8731,20210907,71.32
5,8731,20210908,77.54
5,8731,20210909,69.83
5,8731,20210910,72.89
5,8731,20210911,92.8
5,8731,20210912,85.21
5,8731,20210913,76.2
5,8731,20210914,56.85
5,8731,20210915,64.21
5,8731,20210916,59.03
5,8731,20210917,62.12
5,8731,20210918,94.66
5,8731,20210919,92.27
5,8731,20210920,52.08
5,8731,20210921,57.6
5,8731,20210906,63.72
5,8731,20210907,90.06
5,8731,20210908,72.64
5,8731,20210909,76.06
5,8731,20210910,80.92
5,8731,20210911,94.01
5,8731,20210912,71.92
5,8731,20210913,80.07
5,8731,20210914,82.02
5,8731,20210915,63.5
5,8731,20210916,78.99
5,8731,20210917,67.27
5,8731,20210918,94.0
5,8731,20210919,91.1
5,8731,20210920,42.26
5,8731,20210921,54.57
5,8741,20210906,68.96
5,8741,20210907,70.84
5,8741,20210908,59.84
5,8741,20210909,66.51
5,8741,20210910,68.93
5,8741,20210911,92.17
5,8741,20210912,88.57
5,8741,20210913,72.24
5,8741,20210914,44.93
5,8741,20210915,68.74
5,8741,20210916,55.21
5,8741,20210917,62.11
5,8741,20210918,95.86
5,8741,20210919,94.26
5,8741,20210920,54.9
5,8741,20210921,58.76
5,8741,20210906,64.05
5,8741,20210907,84.99
5,8741,20210908,75.24
5,8741,20210909,78.02
5,8741,20210910,81.12
5,8741,20210911,94.0
5,8741,20210912,78.88
5,8741,20210913,81.94
5,8741,20210914,77.35
5,8741,20210915,65.12
5,8741,20210916,70.16
5,8741,20210917,65.74
5,8741,20210918,94.49
5,8741,20210919,91.1
5,8741,20210920,42.43
5,8741,20210921,44.25
6,8743,20210906,74.46
6,8743,20210907,87.79
6,8743,20210908,80.29
6,8743,20210909,77.87
6,8743,20210910,79.96
6,8743,20210911,87.09
6,8743,20210912,86.55
6,8743,20210913,81.8
6,8743,20210914,84.48
6,8743,20210915,84.57
6,8743,20210916,82.61
6,8743,20210917,85.25
6,8743,20210918,85.53
6,8743,20210919,69.55
6,8743,20210920,84.22
6,8743,20210921,47.63
6,8743,20210906,66.78
6,8743,20210907,80.54
6,8743,20210908,59.19
6,8743,20210909,52.08
6,8743,20210910,56.27
6,8743,20210911,89.09
6,8743,20210912,94.42
6,8743,20210913,59.6
6,8743,20210914,65.1
6,8743,20210915,70.73
6,8743,20210916,60.28
6,8743,20210917,58.13
6,8743,20210918,92.22
6,8743,20210919,71.37
6,8743,20210920,76.61
6,8743,20210921,34.79
