route_id,direction_id,stop_sequence,stop_id
1,0,0,8642
1,0,1,8652
1,0,2,8662
1,0,3,8672
1,0,4,8682
1,0,5,8692
1,0,6,8702
1,0,7,8712
1,0,8,8722
1,0,9,8732
1,0,10,8742
1,0,11,8292
1,0,12,8282
1,0,13,8272
1,0,14,8012
1,0,15,8022
1,0,16,8032
1,0,17,8042
1,0,18,8052
1,0,19,8062
1,0,20,8072
1,0,21,8202
1,0,22,8212
1,0,23,8222
1,0,24,8232
1,0,25,8242
1,0,26,8252
1,0,27,8262
1,1,0,8261
1,1,1,8251
1,1,2,8241
1,1,3,8231
1,1,4,8221
1,1,5,8211
1,1,6,8201
1,1,7,8071
1,1,8,8061
1,1,9,8051
1,1,10,8041
1,1,11,8031
1,1,12,8021
1,1,13,8011
1,1,14,8271
1,1,15,8281
1,1,16,8291
1,1,17,8741
1,1,18,8731
1,1,19,8721
1,1,20,8711
1,1,21,8701
1,1,22,8691
1,1,23,8681
1,1,24,8671
1,1,25,8661
1,1,26,8651
1,1,27,8642
2,0,0,8733
2,0,1,8742
2,0,2,8292
2,0,3,8282
2,0,4,8272
2,0,5,8012
2,0,6,8022
2,0,7,8032
2,0,8,8042
2,0,9,8052
2,0,10,8062
2,0,11,8072
2,0,12,8082
2,0,13,8092
2,0,14,8102
2,0,15,8112
2,0,16,8122
2,0,17,8132
2,0,18,8142
2,0,19,8152
2,0,20,8161
2,1,0,8161
2,1,1,8151
2,1,2,8141
2,1,3,8131
2,1,4,8121
2,1,5,8111
2,1,6,8101
2,1,7,8091
2,1,8,8081
2,1,9,8071
2,1,10,8061
2,1,11,8051
2,1,12,8041
2,1,13,8031
2,1,14,8021
2,1,15,8011
2,1,16,8271
2,1,17,8281
2,1,18,8291
2,1,19,8741
2,1,20,8731
3,0,0,8834
3,0,1,8824
3,0,2,8814
3,0,3,8804
3,0,4,8794
3,0,5,8784
3,0,6,8774
3,0,7,8764
3,0,8,8754
3,0,9,8744
3,0,10,8382
3,0,11,8372
3,0,12,8362
3,0,13,8352
3,0,14,8342
3,0,15,8332
3,0,16,8322
3,0,17,8312
3,0,18,8302
3,0,19,8402
3,0,20,8412
3,0,21,8422
3,0,22,8432
3,0,23,8442
3,0,24,8462
3,0,25,8472
3,1,0,8471
3,1,1,8461
3,1,2,8441
3,1,3,8431
3,1,4,8421
3,1,5,8411
3,1,6,8401
3,1,7,8301
3,1,8,8311
3,1,9,8321
3,1,10,8331
3,1,11,8341
3,1,12,8351
3,1,13,8361
3,1,14,8371
3,1,15,8381
3,1,16,8743
3,1,17,8753
3,1,18,8763
3,1,19,8773
3,1,20,8783
3,1,21,8793
3,1,22,8803
3,1,23,8813
3,1,24,8823
3,1,25,8834
4,0,0,8764
4,0,1,8754
4,0,2,8744
4,0,3,8382
4,0,4,8372
4,0,5,8362
4,0,6,8352
4,0,7,8342
4,0,8,8332
4,0,9,8322
4,0,10,8312
4,0,11,8302
4,0,12,8402
4,0,13,8412
4,0,14,8422
4,0,15,8432
4,0,16,8442
4,0,17,8462
4,0,18,8472
4,1,0,8471
4,1,1,8461
4,1,2,8441
4,1,3,8431
4,1,4,8421
4,1,5,8411
4,1,6,8401
4,1,7,8301
4,1,8,8311
4,1,9,8321
4,1,10,8331
4,1,11,8341
4,1,12,8351
4,1,13,8361
4,1,14,8371
4,1,15,8381
4,1,16,8743
4,1,17,8753
4,1,18,8763
5,0,0,5701
5,0,1,5700G
5,0,2,5704F
5,0,3,5705
5,0,4,5706
5,0,5,5707
5,0,6,2338F
5,0,7,2318G
5,0,8,2543F
5,0,9,6178
5,0,10,5714
5,0,11,0531
5,0,12,0511
5,0,13,0501
5,0,14,0601
5,0,15,0611
5,0,16,0621
5,0,17,0702
5,0,18,0703
5,0,19,0704
5,0,20,0705
5,0,21,0706
5,0,22,6253
5,0,23,6422F
5,0,24,5221F
5,0,25,9959F
5,1,0,9986F
5,1,1,5219F
5,1,2,6424F
5,1,3,6209
5,1,4,0722
5,1,5,0723
5,1,6,0724
5,1,7,0725
5,1,8,0726
5,1,9,0626
5,1,10,0616
5,1,11,0606
5,1,12,0506
5,1,13,0516
5,1,14,0526
5,1,15,6177
5,1,16,6179
5,1,17,2537F
5,1,18,2200F
5,1,19,2337F
5,1,20,5770F
5,1,21,5771
5,1,22,5772
5,1,23,5773
5,1,24,5806
5,1,25,5776
6,0,0,6421F
6,0,1,5221F
6,0,2,9963F
6,0,3,5222F
6,0,4,5253
6,0,5,5254
6,0,6,5255F
6,0,7,5256F
6,0,8,1048F
6,0,9,5258
6,0,10,3480
6,0,11,5264F
6,0,12,5261
6,0,13,5265F
6,0,14,5267
6,0,15,5352
6,0,16,0906
6,0,17,0806
6,0,18,0816
6,0,19,0826
6,0,20,2243F
6,0,21,5354H
6,0,22,5355
6,0,23,5356
6,0,24,5357
6,0,25,5350G
6,0,26,5359
6,0,27,6456F
6,0,28,5759F
6,0,29,5770F
6,0,30,5771
6,0,31,5772
6,0,32,5773
6,0,33,5806
6,0,34,2635F
6,0,35,9051F
6,1,0,9056F
6,1,1,2636F
6,1,2,5700G
6,1,3,5704F
6,1,4,5705
6,1,5,5706
6,1,6,5707
6,1,7,5758F
6,1,8,6457F
6,1,9,5303
6,1,10,5317G
6,1,11,5305G
6,1,12,5306G
6,1,13,5307G
6,1,14,5308F
6,1,15,2246F
6,1,16,0821
6,1,17,0811
6,1,18,0801
6,1,19,0901
6,1,20,5312
6,1,21,5311
6,1,22,5266F
6,1,23,5205
6,1,24,5200F
6,1,25,3481
6,1,26,5208
6,1,27,1049F
6,1,28,5210
6,1,29,5211
6,1,30,5212
6,1,31,5213
6,1,32,5220F
6,1,33,9969F
6,1,34,5219F
6,1,35,6421F
7,0,0,5315
7,0,1,6461F
7,0,2,5710F
7,0,3,5711F
7,0,4,2876F
7,0,5,6189F
7,0,6,6012G
7,0,7,6412F
7,0,8,6014
7,0,9,6437F
7,0,10,6308F
7,0,11,6309F
7,0,12,6310F
7,0,13,6311
7,0,14,6312
7,0,15,6313
7,0,16,6314
7,0,17,5016F
7,0,18,5018F
7,0,19,6428F
7,0,20,5020
7,0,21,5021
7,0,22,5022
7,0,23,6423F
7,0,24,5024
7,0,25,5025
7,0,26,5026
7,0,27,2764G
7,0,28,2765
7,0,29,5027
7,0,30,5028
7,0,31,5029
7,0,32,6931H
7,0,33,5031F
7,0,34,5032G
7,0,35,6934F
7,1,0,6934F
7,1,1,5053G
7,1,2,5054F
7,1,3,6956H
7,1,4,5056
7,1,5,5057
7,1,6,2708G
7,1,7,2709F
7,1,8,2710G
7,1,9,5058F
7,1,10,5059
7,1,11,5060
7,1,12,6420G
7,1,13,5062
7,1,14,5063
7,1,15,5064
7,1,16,6430F
7,1,17,5066F
7,1,18,5068F
7,1,19,6361
7,1,20,6352
7,1,21,6353F
7,1,22,6354
7,1,23,6355F
7,1,24,6356F
7,1,25,6357F
7,1,26,6434F
7,1,27,6359F
7,1,28,6413F
7,1,29,6066G
7,1,30,1645F
7,1,31,2786F
7,1,32,5765F
7,1,33,5766
7,1,34,6459F
7,1,35,5320
8,0,0,6314
8,0,1,5016F
8,0,2,5018F
8,0,3,6428F
8,0,4,6162
8,0,5,6078
8,0,6,2336G
8,0,7,2334F
8,0,8,2404F
8,0,9,5115F
8,0,10,5116
8,0,11,5123
8,0,12,5120
8,0,13,5119
8,0,14,2603
8,0,15,2604F
8,0,16,5121F
8,0,17,5719H
8,0,18,5720F
8,0,19,2608F
8,0,20,5721G
8,0,21,5722F
8,0,22,5723G
8,0,23,5916F
8,0,24,5917F
8,0,25,1985G
8,0,26,2764G
8,0,27,2765
8,0,28,9972F
8,1,0,2708G
8,1,1,2709F
8,1,2,2710G
8,1,3,1984G
8,1,4,5952F
8,1,5,5953F
8,1,6,1258G
8,1,7,5756F
8,1,8,2663G
8,1,9,2669F
8,1,10,2665F
8,1,11,5152G
8,1,12,5161F
8,1,13,2667F
8,1,14,2668
8,1,15,5155
8,1,16,5151
8,1,17,5175
8,1,18,5158
8,1,19,2462F
8,1,20,2463F
8,1,21,2333F
8,1,22,6077F
8,1,23,6109
8,1,24,6427F
8,1,25,6430F
8,1,26,5066F
8,1,27,5068F
8,1,28,6361
9,0,0,3335F
9,0,1,3330F
9,0,2,3317
9,0,3,5042
9,0,4,5874F
9,0,5,5275F
9,0,6,5274F
9,0,7,5308F
9,0,8,2241G
9,0,9,6258
9,0,10,3308F
9,1,0,3360F
9,1,1,6204
9,1,2,2242F
9,1,3,5354H
9,1,4,5279F
9,1,5,5278F
9,1,6,5277F
9,1,7,5039
9,1,8,3321
9,1,9,3337F
9,1,10,3334F
10,0,0,0531
10,0,1,0511
10,0,2,0501
10,0,3,0601
10,0,4,0611
10,0,5,0621
10,0,6,0702
10,0,7,0703
10,0,8,0704
10,0,9,0705
10,0,10,0706
10,0,11,6253
10,0,12,6423F
10,0,13,5024
10,0,14,5025
10,0,15,5026
10,0,16,1984G
10,0,17,5952F
10,0,18,5953F
10,0,19,5920H
10,0,20,4502F
10,1,0,4501F
10,1,1,5921G
10,1,2,5916F
10,1,3,5917F
10,1,4,1985G
10,1,5,5058F
10,1,6,5059
10,1,7,5060
10,1,8,6424F
10,1,9,6209
10,1,10,0722
10,1,11,0723
10,1,12,0724
10,1,13,0725
10,1,14,0726
10,1,15,0626
10,1,16,0616
10,1,17,0606
10,1,18,0506
10,1,19,0516
10,1,20,0526
11,0,0,6314
11,0,1,5405
11,0,2,5406
11,0,3,5404
11,0,4,5408
11,0,5,5409
11,0,6,1047F
11,0,7,5258
11,0,8,2397F
11,0,9,5407F
11,0,10,5413F
11,0,11,5414F
11,0,12,5415F
11,0,13,5416F
11,0,14,5418
11,0,15,5419
11,0,16,5420F
11,0,17,5421
11,0,18,5422
11,0,19,5423
11,0,20,2077
11,0,21,2086
11,0,22,5426
11,0,23,5269F
11,0,24,5270F
11,0,25,5271F
11,0,26,5272F
11,0,27,5223F
11,0,28,5225F
11,0,29,5227F
11,0,30,5229F
11,1,0,5230F
11,1,1,5228F
11,1,2,5226F
11,1,3,5224F
11,1,4,5281G
11,1,5,5282F
11,1,6,5283F
11,1,7,5284F
11,1,8,5427
11,1,9,2014
11,1,10,2026
11,1,11,5430
11,1,12,5452
11,1,13,5453
11,1,14,5454F
11,1,15,5455
11,1,16,5456
11,1,17,5451F
11,1,18,5459F
11,1,19,5460F
11,1,20,5461F
11,1,21,5462F
11,1,22,5468
11,1,23,3481
11,1,24,5208
11,1,25,1046G
11,1,26,5466
11,1,27,5467
11,1,28,5475
11,1,29,5469
11,1,30,5470
11,1,31,6361
12,0,0,0470F
12,0,1,6864F
12,0,2,6865F
12,0,3,1675F
12,0,4,1677F
12,0,5,1679F
12,0,6,1681F
12,0,7,1683F
12,0,8,1685F
12,0,9,1687F
12,1,0,1686F
12,1,1,1684F
12,1,2,1682F
12,1,3,1680F
12,1,4,1678F
12,1,5,1676F
12,1,6,1674F
12,1,7,1014F
12,1,8,6805F
12,1,9,0473F
13,0,0,5103
13,0,1,5102F
13,0,2,5105F
13,0,3,1306F
13,0,4,1094F
13,0,5,1064
13,0,6,1111
13,0,7,5108
13,0,8,5109
13,0,9,0471
13,0,10,6864F
13,0,11,6865F
13,0,12,6866F
13,0,13,6867F
13,0,14,6869G
13,0,15,2805F
13,0,16,5081F
13,0,17,5082
13,0,18,4958F
13,0,19,2636F
13,0,20,5086F
13,1,0,5001F
13,1,1,2637F
13,1,2,4955F
13,1,3,5003
13,1,4,5010
13,1,5,2869
13,1,6,6800F
13,1,7,6803F
13,1,8,6804F
13,1,9,1014F
13,1,10,6805F
13,1,11,0472
13,1,12,5165
13,1,13,5166
13,1,14,5172F
13,1,15,1199F
13,1,16,1236F
13,1,17,1307F
13,1,18,5168F
13,1,19,5174F
13,1,20,5170
14,0,0,4273F
14,0,1,4002G
14,0,2,4003G
14,0,3,1308G
14,0,4,4005F
14,0,5,4006G
14,0,6,4007G
14,0,7,4022
14,0,8,6004
14,0,9,6005
14,0,10,3253F
14,0,11,3257F
14,0,12,3263F
14,0,13,6648F
14,0,14,6650G
14,0,15,6659F
14,0,16,6657
14,0,17,0631
14,0,18,2539F
14,0,19,2544F
14,0,20,2548F
14,0,21,5718
14,0,22,5123
14,0,23,5120
14,0,24,5119
14,0,25,2603
14,0,26,2604F
14,0,27,5121F
14,0,28,5719H
14,0,29,5720F
14,0,30,2608F
14,0,31,5721G
14,0,32,5722F
14,0,33,5723G
14,0,34,5724
14,0,35,5725
14,0,36,5729
14,0,37,5727F
14,1,0,5731F
14,1,1,5751
14,1,2,5753F
14,1,3,5754
14,1,4,1258G
14,1,5,5756F
14,1,6,2663G
14,1,7,2669F
14,1,8,2665F
14,1,9,5152G
14,1,10,5161F
14,1,11,2667F
14,1,12,2668
14,1,13,5155
14,1,14,5151
14,1,15,5159F
14,1,16,5757F
14,1,17,2672F
14,1,18,2670F
14,1,19,2671F
14,1,20,0636
14,1,21,6601
14,1,22,2401F
14,1,23,6608G
14,1,24,3228F
14,1,25,3226F
14,1,26,3225F
14,1,27,3230F
14,1,28,6070
14,1,29,6071
14,1,30,4053G
14,1,31,4054G
14,1,32,4055G
14,1,33,4066F
14,1,34,1310
14,1,35,4058F
14,1,36,4059F
14,1,37,4270F
15,0,0,1290
15,0,1,5402
15,0,2,5399F
15,0,3,5403
15,0,4,5010
15,0,5,2869
15,0,6,5006
15,0,7,5007F
15,0,8,5008F
15,0,9,5009F
15,0,10,5011F
15,0,11,5015
15,0,12,5013F
15,0,13,5014
15,0,14,6651
15,0,15,2851F
15,0,16,6654F
15,0,17,6653F
15,0,18,6650G
15,0,19,6659F
15,0,20,6657
15,0,21,0702
15,0,22,0703
15,0,23,0704
15,0,24,0705
15,0,25,0706
15,0,26,6253
15,0,27,6423F
15,0,28,5024
15,0,29,5025
15,0,30,5026
15,0,31,1984G
15,0,32,1926G
15,0,33,2165F
15,0,34,5817F
15,0,35,5825
15,0,36,5826
15,0,37,5823
15,0,38,1110
15,1,0,5822F
15,1,1,5824
15,1,2,5860
15,1,3,1961G
15,1,4,1962F
15,1,5,2166F
15,1,6,1964F
15,1,7,5853G
15,1,8,1985G
15,1,9,5058F
15,1,10,5059
15,1,11,5060
15,1,12,6424F
15,1,13,6209
15,1,14,0722
15,1,15,0723
15,1,16,0724
15,1,17,0725
15,1,18,0726
15,1,19,6601
15,1,20,2401F
15,1,21,6608G
15,1,22,6649F
15,1,23,6604F
15,1,24,2848F
15,1,25,6607
15,1,26,5071
15,1,27,5072
15,1,28,5089
15,1,29,5074F
15,1,30,5076F
15,1,31,5077
15,1,32,5078F
15,1,33,5079
15,1,34,5080
15,1,35,5081F
15,1,36,5471
15,1,37,5398F
15,1,38,5472
15,1,39,1289
16,0,0,4262F
16,0,1,4002G
16,0,2,4003G
16,0,3,1308G
16,0,4,4005F
16,0,5,4006G
16,0,6,4007G
16,0,7,4022
16,0,8,6004
16,0,9,6005
16,0,10,3253F
16,0,11,3257F
16,0,12,3263F
16,0,13,6648F
16,0,14,6650G
16,0,15,6659F
16,0,16,6657
16,0,17,0631
16,0,18,2539F
16,0,19,2544F
16,0,20,2548F
16,0,21,5718
16,0,22,5123
16,0,23,5120
16,0,24,5119
16,0,25,2603
16,0,26,2604F
16,0,27,5121F
16,0,28,5719H
16,0,29,5720F
16,0,30,2608F
16,0,31,5721G
16,0,32,5722F
16,0,33,5723G
16,0,34,5724
16,0,35,5725
16,0,36,5729
16,0,37,5726F
16,1,0,5732F
16,1,1,5751
16,1,2,5753F
16,1,3,5754
16,1,4,1258G
16,1,5,5756F
16,1,6,2663G
16,1,7,2669F
16,1,8,2665F
16,1,9,5152G
16,1,10,5161F
16,1,11,2667F
16,1,12,2668
16,1,13,5155
16,1,14,5151
16,1,15,5159F
16,1,16,5757F
16,1,17,2672F
16,1,18,2670F
16,1,19,2671F
16,1,20,0636
16,1,21,6601
16,1,22,2401F
16,1,23,6608G
16,1,24,3228F
16,1,25,3226F
16,1,26,3225F
16,1,27,3230F
16,1,28,6070
16,1,29,6071
16,1,30,4053G
16,1,31,4054G
16,1,32,4055G
16,1,33,4066F
16,1,34,1310
16,1,35,4058F
16,1,36,4059F
16,1,37,4263F
17,0,0,3107
17,0,1,3177
17,0,2,3171
17,0,3,3172
17,0,4,3173
17,0,5,3174
17,0,6,3175B
17,0,7,3176
17,0,8,5362
17,0,9,5045
17,0,10,9311
17,1,0,9311
17,1,1,5046
17,1,2,5361
17,1,3,3126
17,1,4,3101
17,1,5,3102
17,1,6,3103
17,1,7,3104
17,1,8,3105
17,1,9,3107
18,0,0,9600B
18,0,1,3017
18,0,2,5048
18,0,3,2695
18,0,4,2250
18,0,5,1270B
18,0,6,1162C
18,0,7,6432
18,0,8,1780
18,1,0,1780
18,1,1,6433
18,1,2,1131B
18,1,3,1418B
18,1,4,2247
18,1,5,4556
18,1,6,5044
18,1,7,3018
18,1,8,9600B
19,0,0,3201
19,0,1,3199
19,0,2,3203
19,0,3,3204
19,0,4,3214
19,0,5,2924
19,0,6,3361
19,0,7,3425
19,0,8,3458
19,0,9,3466
19,0,10,2695
19,0,11,3468
19,0,12,4500
19,0,13,4505
19,0,14,3904
19,0,15,3905
19,0,16,3911
19,0,17,6454
19,0,18,1563
19,0,19,3216
19,0,20,3707
19,0,21,1463
19,0,22,1464
19,0,23,1270B
19,0,24,1476
19,0,25,1497B
19,0,26,1160
19,0,27,1162C
19,1,0,1262B
19,1,1,1132
19,1,2,1133
19,1,3,1416
19,1,4,2083
19,1,5,1402B
19,1,6,1419
19,1,7,1403
19,1,8,3251
19,1,9,1516
19,1,10,6451
19,1,11,6448
19,1,12,3956
19,1,13,3957
19,1,14,3961
19,1,15,4558
19,1,16,4555
19,1,17,4556
19,1,18,3450
19,1,19,3404
19,1,20,3424
19,1,21,3306
19,1,22,3420
19,1,23,1893
19,1,24,3279
19,1,25,3280
19,1,26,3201
20,0,0,4111
20,0,1,1179
20,0,2,1180
20,0,3,1183
20,0,4,4152
20,0,5,1303
20,0,6,2422
20,0,7,4158
20,0,8,4163
20,0,9,1710
20,0,10,9103
20,0,11,1065
20,0,12,1066
20,0,13,1067
20,0,14,1711
20,0,15,1599
20,0,16,2850
20,0,17,1328
20,0,18,1721
20,0,19,1722
20,0,20,1727
20,1,0,1732
20,1,1,1743
20,1,2,1744
20,1,3,1334
20,1,4,2849
20,1,5,1606
20,1,6,1746
20,1,7,1008
20,1,8,1009
20,1,9,1010
20,1,10,1747
20,1,11,1748
20,1,12,4112
20,1,13,4105
20,1,14,2423
20,1,15,2519
20,1,16,4116
20,1,17,1112
20,1,18,1114B
20,1,19,1115
20,1,20,4111
21,0,0,4264B
21,0,1,6481
21,0,2,4228
21,0,3,4205
21,0,4,4221
21,0,5,4223
21,0,6,1328
21,0,7,1721
21,0,8,1722
21,0,9,1368
21,0,10,1768
21,0,11,2801
21,0,12,2803
21,0,13,6800
21,0,14,2584
21,0,15,2586
21,0,16,1775
21,0,17,1782
21,0,18,5009
21,0,19,5011
21,0,20,1019
21,0,21,1351
21,0,22,1349
21,0,23,1016
21,0,24,1024
21,0,25,1083
21,1,0,1082
21,1,1,1052
21,1,2,1051
21,1,3,1348
21,1,4,1350
21,1,5,1056
21,1,6,5074
21,1,7,5076
21,1,8,1766
21,1,9,1767
21,1,10,2515B
21,1,11,2498
21,1,12,6869
21,1,13,2871
21,1,14,2873
21,1,15,1755
21,1,16,1103
21,1,17,1743
21,1,18,1744
21,1,19,4071
21,1,20,4072
21,1,21,4069
21,1,22,4261
21,1,23,4268
21,1,24,6482
21,1,25,4265
22,0,0,4297
22,0,1,4298
22,0,2,4299
22,0,3,4310
22,0,4,4311
22,0,5,1453
22,0,6,4313
22,0,7,4347
22,0,8,4349
22,0,9,4342
22,0,10,4289
22,0,11,4288
22,0,12,4290
22,0,13,1472
22,0,14,4319
22,0,15,9059
22,1,0,9059
22,1,1,4287
22,1,2,4292
22,1,3,4341
22,1,4,4351
22,1,5,4348
22,1,6,4355
22,1,7,1455
22,1,8,4357
22,1,9,4358
22,1,10,4293
22,1,11,4294
22,1,12,4295
22,1,13,4296
22,1,14,4297
23,0,0,1142
23,0,1,1102
23,0,2,4598
23,0,3,1095
23,0,4,1105
23,0,5,1306
23,0,6,1118B
23,0,7,1119
23,0,8,1096
23,0,9,1097
23,0,10,2073
23,0,11,2081
23,0,12,4111
23,0,13,1792
23,0,14,5013B
23,0,15,1351
23,0,16,1349
23,0,17,1016
23,0,18,1024
23,0,19,1083
23,0,20,1900
23,1,0,1900
23,1,1,1030
23,1,2,1052
23,1,3,1051
23,1,4,1348
23,1,5,1350
23,1,6,4213
23,1,7,4214
23,1,8,1793
23,1,9,2082
23,1,10,2072
23,1,11,1197
23,1,12,1198
23,1,13,1120
23,1,14,4066
23,1,15,1307
23,1,16,1190
23,1,17,1209
23,1,18,4661B
23,1,19,1193
23,1,20,1194
24,0,0,1183
24,0,1,4152
24,0,2,1303
24,0,3,4153
24,0,4,4156
24,0,5,4157
24,0,6,4158
24,0,7,4163
24,0,8,4159
24,0,9,4160
24,0,10,4168
24,0,11,4169
24,0,12,4162
24,0,13,4165
24,0,14,4004
24,0,15,4002B
24,0,16,1099
24,0,17,1116
24,0,18,1102
24,0,19,4598
24,0,20,4599
24,0,21,4600
24,0,22,4601
24,0,23,4602
24,0,24,4658
24,0,25,4659
24,0,26,3238
24,0,27,3252
24,0,28,3281
24,0,29,3282
24,0,30,4014
24,1,0,4014
24,1,1,3231
24,1,2,3232
24,1,3,3233
24,1,4,3239
24,1,5,3235
24,1,6,3236
24,1,7,4653
24,1,8,4655
24,1,9,4656
24,1,10,4657
24,1,11,4661B
24,1,12,1193
24,1,13,1195
24,1,14,1196
24,1,15,4059
24,1,16,4010
24,1,17,4062
24,1,18,4101
24,1,19,4109
24,1,20,4115
24,1,21,4103
24,1,22,4104
24,1,23,4112
24,1,24,4105
24,1,25,4106
24,1,26,4107
24,1,27,4110
24,1,28,2519
24,1,29,4116
24,1,30,1112
25,0,0,5451F
25,0,1,5459F
25,0,2,5460F
25,0,3,5461F
25,0,4,5462F
25,0,5,5468
25,0,6,3480
25,0,7,5264F
25,0,8,5261
25,0,9,5265F
25,0,10,5267
25,0,11,5352
25,0,12,0906
25,0,13,0806
25,0,14,0816
25,0,15,0826
25,0,16,2241G
25,0,17,6258
25,0,18,3308F
25,0,19,2793F
25,0,20,2794F
25,0,21,6419F
25,0,22,6260F
25,0,23,2726F
25,0,24,5714
25,0,25,0521
25,0,26,0539
25,1,0,0539
25,1,1,0536
25,1,2,5762
25,1,3,2720F
25,1,4,6201F
25,1,5,6202
25,1,6,2794F
25,1,7,2793F
25,1,8,3360F
25,1,9,6204
25,1,10,2242F
25,1,11,2246F
25,1,12,0821
25,1,13,0811
25,1,14,0801
25,1,15,0901
25,1,16,5312
25,1,17,5311
25,1,18,5266F
25,1,19,5205
25,1,20,5200F
25,1,21,2397F
25,1,22,5407F
25,1,23,5413F
25,1,24,5414F
25,1,25,5415F
25,1,26,5416F
26,0,0,5041F
26,0,1,5361F
26,0,2,2902
26,0,3,2903F
26,0,4,5872
26,0,5,5802
26,0,6,5803G
26,0,7,5804G
26,0,8,5805
26,0,9,5710F
26,0,10,5711F
26,0,11,2876F
26,0,12,2726F
26,0,13,5714
26,0,14,0521
26,0,15,0529
26,1,0,0529
26,1,1,0536
26,1,2,5762
26,1,3,2720F
26,1,4,2786F
26,1,5,5765F
26,1,6,5766
26,1,7,5865
26,1,8,5866
26,1,9,5867F
26,1,10,5868
26,1,11,5801
26,1,12,2900F
26,1,13,2901
26,1,14,5362F
26,1,15,5039
27,0,0,1262B
27,0,1,1132
27,0,2,1133
27,0,3,1134
27,0,4,1135
27,0,5,1136
27,0,6,2283
27,0,7,1113
27,0,8,1139
27,0,9,1140
27,0,10,1141
27,0,11,1138
27,0,12,1522
27,0,13,3899
27,0,14,3900
27,0,15,2430
27,0,16,3920
27,0,17,3902
27,0,18,3903
27,0,19,2429
27,1,0,2429
27,1,1,3958
27,1,2,3959
27,1,3,3962
27,1,4,2431
27,1,5,3909
27,1,6,3910
27,1,7,3919
27,1,8,1150
27,1,9,1152
27,1,10,1153
27,1,11,1154
27,1,12,2287
27,1,13,1156
27,1,14,1157
27,1,15,1158
27,1,16,1476
27,1,17,1497B
27,1,18,1160
27,1,19,1162C
28,0,0,2919
28,0,1,6021
28,0,2,1403
28,0,3,1404
28,0,4,6449
28,0,5,1406
28,0,6,1424
28,0,7,1140
28,0,8,1141
28,0,9,1408
28,0,10,6476
28,0,11,1410
28,0,12,1421
28,0,13,1412
28,0,14,1422
28,0,15,1423
28,0,16,1415
28,0,17,1831
28,0,18,1830
28,1,0,1830
28,1,1,1832
28,1,2,1833B
28,1,3,1451
28,1,4,1450
28,1,5,1454
28,1,6,1449
28,1,7,1456
28,1,8,6477
28,1,9,1458
28,1,10,1152
28,1,11,1153
28,1,12,1459
28,1,13,1460
28,1,14,6450
28,1,15,1462
28,1,16,6055
28,1,17,6056
28,1,18,2919
29,0,0,2594
29,0,1,1820
29,0,2,2296
29,0,3,6445
29,0,4,3072
29,0,5,3353
29,0,6,3354
29,0,7,1508
29,0,8,1509
29,0,9,2680
29,0,10,1512
29,0,11,1513
29,0,12,1514
29,0,13,1515
29,0,14,1516
29,0,15,6451
29,0,16,1518
29,0,17,1519
29,0,18,1520
29,0,19,1521
29,0,20,1522
29,0,21,3899
29,0,22,1529
29,0,23,1379
29,0,24,1540
29,0,25,1525
29,0,26,1526
29,0,27,1527
29,0,28,1528
29,1,0,1528
29,1,1,1552
29,1,2,1553
29,1,3,1554
29,1,4,1550
29,1,5,1385
29,1,6,1578
29,1,7,3910
29,1,8,1557
29,1,9,1558
29,1,10,1559
29,1,11,1560
29,1,12,1561
29,1,13,6454
29,1,14,1563
29,1,15,3216
29,1,16,1565
29,1,17,1566
29,1,18,1567
29,1,19,1568
29,1,20,3219
29,1,21,1569B
29,1,22,1570
29,1,23,1571
29,1,24,3358
29,1,25,3359
29,1,26,3062
29,1,27,6442
29,1,28,6447
29,1,29,2301
29,1,30,2595
29,1,31,2594
30,0,0,1201
30,0,1,1203
30,0,2,1487
30,0,3,3752
30,0,4,3751
30,0,5,3756
30,0,6,3755
30,0,7,2319
30,0,8,2518
30,0,9,2256B
30,0,10,2257B
30,0,11,6858C
30,0,12,2259
30,0,13,2260
30,0,14,2261
30,0,15,2262
30,0,16,2405
30,0,17,2264
30,0,18,1894
30,0,19,2267
30,0,20,2833
30,0,21,2269
30,0,22,2587
30,0,23,1896
30,1,0,1896
30,1,1,9025
30,1,2,2209
30,1,3,2835
30,1,4,2211
30,1,5,2303
30,1,6,2212
30,1,7,2213
30,1,8,2403
30,1,9,2215
30,1,10,2216
30,1,11,2217
30,1,12,2218
30,1,13,6809
30,1,14,2220
30,1,15,2535B
30,1,16,2323
30,1,17,2373
30,1,18,2375
30,1,19,3713
30,1,20,3712
30,1,21,3718
30,1,22,3717
30,1,23,2476
30,1,24,1201
31,0,0,2788
31,0,1,2739
31,0,2,1167
31,0,3,1168
31,0,4,1169
31,0,5,1801
31,0,6,2402
31,0,7,2334B
31,0,8,2404
31,0,9,5115
31,0,10,2738
31,0,11,2734
31,0,12,1015
31,0,13,5915
31,0,14,5719
31,0,15,2952B
31,0,16,2732
31,1,0,2732
31,1,1,2616B
31,1,2,2939B
31,1,3,5152
31,1,4,5161
31,1,5,1085
31,1,6,2735
31,1,7,2736
31,1,8,2462
31,1,9,2463
31,1,10,2333
31,1,11,2465
31,1,12,2467
31,1,13,1125
31,1,14,1126
31,1,15,1127
31,1,16,2840
31,1,17,2787
32,0,0,3633C
32,0,1,2212
32,0,2,2578
32,0,3,1063
32,0,4,1127
32,0,5,1376B
32,0,6,1128
32,0,7,6354B
32,0,8,3505
32,0,9,2177
32,1,0,2177
32,1,1,3629
32,1,2,6353
32,1,3,3630
32,1,4,1781
32,1,5,2392
32,1,6,1707
32,1,7,3320B
32,1,8,3221
33,0,0,1203
33,0,1,2648
33,0,2,1204
33,0,3,1205
33,0,4,1206
33,0,5,1207
33,0,6,2748
33,0,7,2754
33,0,8,2776
33,0,9,2784
33,0,10,2782
33,0,11,1178
33,0,12,4595
33,0,13,6648
33,0,14,3259B
33,0,15,3260
33,0,16,3261
33,0,17,1894
33,0,18,1820
33,0,19,2296
33,0,20,3347
33,1,0,3347
33,1,1,2301
33,1,2,2595
33,1,3,2303
33,1,4,3320B
33,1,5,3221
33,1,6,3222
33,1,7,3223B
33,1,8,3228
33,1,9,4594
33,1,10,1117
33,1,11,2781
33,1,12,2783
33,1,13,2779
33,1,14,2768
33,1,15,2750
33,1,16,1257
33,1,17,2536
33,1,18,1259
33,1,19,1260
33,1,20,1261
34,0,0,1824
34,0,1,6433
34,0,2,1729
34,0,3,1233
34,0,4,1706
34,0,5,1728
34,0,6,1733
34,0,7,1712
34,0,8,1713
34,0,9,1714
34,0,10,1715
34,0,11,1716
34,0,12,2291B
34,0,13,1718B
34,0,14,1719
34,0,15,1720B
34,0,16,1731
34,0,17,2725
34,0,18,2727
34,0,19,2728
34,1,0,2728
34,1,1,2752
34,1,2,2753
34,1,3,1751
34,1,4,1756B
34,1,5,1757
34,1,6,1758B
34,1,7,2290B
34,1,8,1760
34,1,9,1779
34,1,10,1762
34,1,11,1278
34,1,12,1764
34,1,13,1777B
34,1,14,1769
34,1,15,1983
34,1,16,4367B
34,1,17,1776
34,1,18,6432
34,1,19,4952
35,0,0,1148C
35,0,1,1802
35,0,2,1803B
35,0,3,1804
35,0,4,1805
35,0,5,1806
35,0,6,1807
35,0,7,6473
35,0,8,1809
35,0,9,1810
35,0,10,1811
35,0,11,1812
35,0,12,1813
35,0,13,1814B
35,0,14,1815
35,0,15,1816
35,0,16,5287
35,0,17,1818
35,0,18,1819
35,0,19,1834
35,0,20,1821
35,0,21,1822
35,0,22,1823
35,0,23,1825
35,0,24,1826
35,0,25,1835
35,0,26,1252
35,0,27,1828
35,0,28,1829
35,0,29,1830
35,1,0,1830
35,1,1,1846
35,1,2,1847
35,1,3,1302
35,1,4,1840
35,1,5,1850
35,1,6,1851
35,1,7,1852
35,1,8,1853
35,1,9,1854
35,1,10,1841
35,1,11,1856
35,1,12,1857
35,1,13,5273
35,1,14,1859
35,1,15,1860
35,1,16,1861
35,1,17,1862
35,1,18,1863
35,1,19,1864
35,1,20,1865
35,1,21,1866
35,1,22,6472
35,1,23,1868
35,1,24,1869
35,1,25,1870
35,1,26,1871B
35,1,27,1872B
35,1,28,1873
35,1,29,1416
35,1,30,1148C
36,0,0,4854C
36,0,1,1250
36,0,2,1921
36,0,3,1942
36,0,4,2355
36,0,5,1984B
36,0,6,1926B
36,0,7,2165
36,0,8,5817
36,0,9,1929
36,0,10,1937
36,0,11,1931
36,0,12,1932
36,0,13,1933B
36,0,14,1939
36,0,15,1935
36,0,16,1936
36,0,17,1944
36,0,18,1938
36,0,19,2099
36,0,20,2112
36,0,21,2103
36,0,22,2104
36,0,23,2116B
36,0,24,2117B
36,0,25,2118B
36,0,26,2119
36,0,27,2120
36,0,28,2136
36,0,29,2137
36,0,30,2138B
36,0,31,2109B
36,1,0,2109B
36,1,1,2140
36,1,2,2142
36,1,3,2143B
36,1,4,2144
36,1,5,2145
36,1,6,2146
36,1,7,2147B
36,1,8,2156
36,1,9,2157
36,1,10,2161
36,1,11,2167
36,1,12,2168
36,1,13,1953
36,1,14,1954
36,1,15,1955
36,1,16,1963
36,1,17,1957B
36,1,18,1958B
36,1,19,1959
36,1,20,1965
36,1,21,1961B
36,1,22,1962
36,1,23,2166
36,1,24,1964
36,1,25,1985B
36,1,26,4075
36,1,27,1943
36,1,28,1968
36,1,29,1969
36,1,30,1251
36,1,31,4854C
37,0,0,2957
37,0,1,5810
37,0,2,5811
37,0,3,1648
37,0,4,1649
37,0,5,1650
37,0,6,1651
37,0,7,1943
37,0,8,1968
37,0,9,1969
37,0,10,1251
37,0,11,4856B
37,0,12,4853
37,0,13,6931B
37,0,14,1652
37,0,15,1736
37,0,16,2153
37,0,17,2156
37,0,18,2157
37,0,19,2161
37,0,20,2167
37,0,21,2168
37,0,22,1953
37,0,23,1954
37,1,0,1628
37,1,1,1944
37,1,2,1938
37,1,3,2099
37,1,4,2112
37,1,5,2103
37,1,6,2104
37,1,7,1630
37,1,8,1739
37,1,9,1653
37,1,10,6956B
37,1,11,4804B
37,1,12,4857B
37,1,13,1250
37,1,14,1921
37,1,15,1942
37,1,16,2355
37,1,17,1632
37,1,18,1633
37,1,19,1636
37,1,20,5858
37,1,21,5859
37,1,22,2934
38,0,0,2957
38,0,1,5810
38,0,2,5811
38,0,3,2657
38,0,4,5812
38,0,5,5813
38,0,6,1649
38,0,7,1650
38,0,8,2355
38,0,9,1984B
38,0,10,1926B
38,0,11,2165
38,0,12,5817
38,0,13,1929
38,0,14,1937
38,0,15,1931
38,0,16,1932
38,0,17,1933B
38,0,18,1939
38,0,19,1935
38,0,20,1936
38,0,21,1944
38,0,22,1938
38,1,0,2168
38,1,1,1953
38,1,2,1954
38,1,3,1955
38,1,4,1963
38,1,5,1957B
38,1,6,1958B
38,1,7,1959
38,1,8,1965
38,1,9,1961B
38,1,10,1962
38,1,11,2166
38,1,12,1964
38,1,13,1985B
38,1,14,5058
38,1,15,1632
38,1,16,2559
38,1,17,5856
38,1,18,5857
38,1,19,2658
38,1,20,5858
38,1,21,5859
38,1,22,2934
39,0,0,3323
39,0,1,6443
39,0,2,3502
39,0,3,3503
39,0,4,6433
39,0,5,1729
39,0,6,1233
39,0,7,1906
39,0,8,1909
39,0,9,1910
39,0,10,3122
39,0,11,1903
39,0,12,1912
39,0,13,1913
39,0,14,1914
39,0,15,1915
39,0,16,1916
39,0,17,1917
39,0,18,1918
39,0,19,1919
39,0,20,1920
39,0,21,1921
39,0,22,1942
39,0,23,4076
39,1,0,4076
39,1,1,1943
39,1,2,1968
39,1,3,1969
39,1,4,1970
39,1,5,1971
39,1,6,1972
39,1,7,1973
39,1,8,5255
39,1,9,1975
39,1,10,1976
39,1,11,1977
39,1,12,1986
39,1,13,6112
39,1,14,1980
39,1,15,1981
39,1,16,1983
39,1,17,4367B
39,1,18,1776
39,1,19,6432
39,1,20,1124
39,1,21,3567
39,1,22,3323
40,0,0,0089
40,0,1,5501
40,0,2,5502
40,0,3,5503
40,0,4,5504
40,0,5,5281G
40,0,6,5507
40,0,7,5508
40,0,8,5601
40,0,9,5602
40,0,10,5603
40,0,11,5604
40,0,12,5605
40,0,13,9551
40,0,14,9553
40,0,15,9552
40,0,16,9556
40,1,0,9557
40,1,1,9575
40,1,2,9577
40,1,3,9578
40,1,4,5655
40,1,5,5656
40,1,6,5657
40,1,7,5658
40,1,8,5659
40,1,9,5555
40,1,10,5556
40,1,11,5273F
40,1,12,5559
40,1,13,5560
40,1,14,5561F
40,1,15,5562
40,1,16,0089
41,0,0,0089
41,0,1,5501
41,0,2,5502
41,0,3,5503
41,0,4,5504
41,0,5,5281G
41,0,6,5507
41,0,7,5508
41,0,8,5509
41,0,9,5510
41,0,10,5512
41,0,11,6474F
41,0,12,5529
41,0,13,5532
41,0,14,5515
41,0,15,5516
41,0,16,5517
41,0,17,5518
41,0,18,5519
41,0,19,5520F
41,1,0,5528F
41,1,1,5521
41,1,2,5522
41,1,3,5523
41,1,4,5524
41,1,5,5525
41,1,6,5533
41,1,7,5530
41,1,8,6475F
41,1,9,5551
41,1,10,5553
41,1,11,5554
41,1,12,5555
41,1,13,5556
41,1,14,5273F
41,1,15,5559
41,1,16,5560
41,1,17,5561F
41,1,18,5562
41,1,19,0089
42,0,0,3611F
42,0,1,3612F
42,0,2,3613F
42,0,3,6799F
42,0,4,6856
42,0,5,6857
42,0,6,2256F
42,0,7,2257G
42,0,8,6858G
42,0,9,2259F
42,0,10,2260F
42,0,11,6860G
42,0,12,6705F
42,0,13,0631
42,0,14,2539F
42,0,15,6099
42,0,16,6106
42,0,17,6121F
42,0,18,2331F
42,0,19,6077F
42,0,20,6109
42,0,21,6427F
42,0,22,2960F
42,0,23,2971F
42,0,24,6120
42,0,25,3508F
42,0,26,3123
42,0,27,6113F
42,0,28,6114F
42,0,29,1805F
42,0,30,6008
42,0,31,6117
42,0,32,6463F
42,0,33,2285G
42,0,34,1042
42,1,0,2286G
42,1,1,6462F
42,1,2,6153
42,1,3,6009
42,1,4,6155F
42,1,5,6156F
42,1,6,6157F
42,1,7,6158H
42,1,8,3572F
42,1,9,2380F
42,1,10,2972F
42,1,11,2931F
42,1,12,6425F
42,1,13,6162
42,1,14,6078
42,1,15,2336G
42,1,16,6165
42,1,17,6166
42,1,18,6175
42,1,19,2671F
42,1,20,0636
42,1,21,6068
42,1,22,6808G
42,1,23,2217F
42,1,24,2218F
42,1,25,6809F
42,1,26,2220F
42,1,27,2535F
42,1,28,6810
42,1,29,6811
42,1,30,6792F
42,1,31,3608
42,1,32,3609F
42,1,33,3610F
43,0,0,4076
43,0,1,1943
43,0,2,1968
43,0,3,1969
43,0,4,1970
43,0,5,2714
43,0,6,2715
43,0,7,6440
43,0,8,2717
43,0,9,2718
43,0,10,5424
43,0,11,5415
43,0,12,5416
43,0,13,2074
43,0,14,2076
43,0,15,2115
43,0,16,2080
43,0,17,4310
43,0,18,4401
43,0,19,4402
43,0,20,4403
43,0,21,4408
43,0,22,4405
43,0,23,3549
43,0,24,6469
43,0,25,2046
43,0,26,1723B
43,0,27,1724
43,0,28,1725
43,1,0,1725
43,1,1,1752
43,1,2,1753
43,1,3,1754
43,1,4,6468
43,1,5,4407
43,1,6,4452
43,1,7,4449
43,1,8,4454
43,1,9,4455
43,1,10,4456
43,1,11,4358
43,1,12,2079
43,1,13,2107
43,1,14,2016
43,1,15,2018
43,1,16,5451
43,1,17,5459
43,1,18,2757C
43,1,19,2759
43,1,20,2760B
43,1,21,6439
43,1,22,2762
43,1,23,2763
43,1,24,1920
43,1,25,1921
43,1,26,1942
43,1,27,4076
44,0,0,1384
44,0,1,1540
44,0,2,1525
44,0,3,1531
44,0,4,1320
44,0,5,1533
44,0,6,1534
44,0,7,1538B
44,0,8,1535
44,0,9,3402
44,0,10,3403
44,0,11,3404
44,0,12,3424
44,0,13,3306
44,0,14,3420
44,0,15,2982B
44,0,16,2900
44,0,17,2992
44,0,18,9292
44,1,0,9292
44,1,1,2909
44,1,2,2903
44,1,3,2910
44,1,4,2924
44,1,5,3361
44,1,6,3425
44,1,7,3458
44,1,8,3459
44,1,9,3460
44,1,10,3461
44,1,11,3462
44,1,12,3463
44,1,13,1321
44,1,14,1553
44,1,15,1554
44,1,16,1550
44,1,17,1385
45,0,0,2015
45,0,1,2029
45,0,2,2017
45,0,3,2025
45,0,4,9851
45,0,5,2069
45,0,6,2027
45,0,7,9853
45,0,8,2028
45,0,9,1553
45,0,10,1554
45,0,11,1550
45,0,12,1385
45,1,0,1383
45,1,1,1540
45,1,2,1525
45,1,3,1551
45,1,4,2022
45,1,5,1043
45,1,6,2084
45,1,7,2085
45,1,8,9876
45,1,9,2071
45,1,10,2078
45,1,11,2087
45,1,12,2015
46,0,0,3234
46,0,1,3238
46,0,2,3252
46,0,3,3281
46,0,4,3282
46,0,5,3253
46,0,6,3257
46,0,7,4595
46,0,8,1242
46,0,9,6754
46,0,10,6755
46,0,11,4253
46,0,12,1351
46,0,13,1356
46,0,14,2305
46,0,15,4252
46,0,16,4258
46,0,17,4266
46,0,18,4127
46,0,19,2558
46,1,0,2558
46,1,1,4267
46,1,2,4271
46,1,3,4217
46,1,4,2370
46,1,5,1348
46,1,6,1350
46,1,7,4213
46,1,8,4214
46,1,9,4074B
46,1,10,6702
46,1,11,6706
46,1,12,4594
46,1,13,3225
46,1,14,3230
46,1,15,3231
46,1,16,3232
46,1,17,3233
46,1,18,3234
47,0,0,2299
47,0,1,1967
47,0,2,2312
47,0,3,1987
47,0,4,2314
47,0,5,2315
47,0,6,2316
47,0,7,2317
47,0,8,3064
47,0,9,2330
47,0,10,2829B
47,0,11,2478
47,0,12,9608
47,0,13,9607
47,0,14,9631
47,0,15,9626
47,0,16,9627
47,0,17,9783
47,0,18,1143
47,0,19,1121
47,0,20,9784B
47,1,0,9784B
47,1,1,9786
47,1,2,9787
47,1,3,9788
47,1,4,9707
47,1,5,9605
47,1,6,9606
47,1,7,9632
47,1,8,9634
47,1,9,9635
47,1,10,2352
47,1,11,2329
47,1,12,3002
47,1,13,2358
47,1,14,2359
47,1,15,2360
47,1,16,2361
47,1,17,2362B
47,1,18,2363
47,1,19,1974
47,1,20,2299
48,0,0,2733
48,0,1,1063
48,0,2,1167
48,0,3,1168
48,0,4,1169
48,0,5,2780
48,0,6,2539
48,0,7,2777
48,0,8,2774
48,0,9,2772
48,0,10,2407
48,0,11,2408
48,0,12,2957
48,0,13,5810
48,0,14,5811
48,0,15,2410
48,0,16,2411B
48,0,17,2937B
48,0,18,2412
48,0,19,2633
48,0,20,2414
48,0,21,2415
48,0,22,2452
48,0,23,2306
48,1,0,2306
48,1,1,2634
48,1,2,2455
48,1,3,2954B
48,1,4,2456
48,1,5,2457
48,1,6,5858
48,1,7,5859
48,1,8,2934
48,1,9,2459
48,1,10,2460
48,1,11,2767
48,1,12,2773
48,1,13,2775
48,1,14,2671
48,1,15,2778
48,1,16,2467
48,1,17,1125
48,1,18,1126
48,1,19,1127
48,1,20,3630
48,1,21,1781
48,1,22,2744
48,1,23,2737
48,1,24,2733
49,0,0,2531
49,0,1,2539
49,0,2,2544
49,0,3,2548
49,0,4,2553
49,0,5,2546
49,0,6,2551
49,0,7,2556
49,0,8,3681
49,0,9,2550
49,0,10,2252
49,0,11,6483B
49,0,12,2254
49,0,13,2256B
49,0,14,2562B
49,0,15,2560
49,0,16,2561
49,0,17,1257
49,0,18,2579
49,0,19,2564
49,0,20,2565
49,0,21,2566B
49,0,22,2567
49,0,23,2568
49,0,24,1097
49,0,25,1098
49,0,26,1172
49,0,27,1286
49,0,28,1288
49,1,0,1288
49,1,1,1184
49,1,2,1182
49,1,3,1197
49,1,4,2511
49,1,5,2512
49,1,6,2513
49,1,7,2514
49,1,8,2522
49,1,9,2536
49,1,10,1207
49,1,11,2532
49,1,12,2533
49,1,13,2534
49,1,14,3709
49,1,15,2535B
49,1,16,2323
49,1,17,6484B
49,1,18,2225
49,1,19,2226
49,1,20,3682
49,1,21,2523
49,1,22,2524
49,1,23,5159
49,1,24,5757
49,1,25,2672
49,1,26,2670
49,1,27,2671
49,1,28,2500
50,0,0,2531
50,0,1,2539
50,0,2,2544
50,0,3,2548
50,0,4,2553
50,0,5,2546
50,0,6,2555
50,0,7,1015
50,0,8,5915
50,0,9,5719
50,0,10,5720
50,0,11,2608
50,0,12,5721
50,0,13,2664
50,0,14,2609
50,0,15,2611
50,0,16,9651
50,0,17,9652
50,0,18,9660
50,0,19,9654
50,0,20,9655
50,0,21,9656
50,0,22,9657
50,0,23,9658
50,1,0,9658
50,1,1,9659
50,1,2,9677
50,1,3,9678
50,1,4,9679
50,1,5,9680
50,1,6,9685
50,1,7,9682
50,1,8,9683
50,1,9,2659
50,1,10,2661
50,1,11,2662B
50,1,12,2663
50,1,13,2669
50,1,14,2665
50,1,15,5152
50,1,16,5161
50,1,17,1085
50,1,18,2524
50,1,19,5159
50,1,20,5757
50,1,21,2672
50,1,22,2670
50,1,23,2671
50,1,24,2500
51,0,0,2417
51,0,1,2452
51,0,2,2453
51,0,3,2632
51,0,4,2616B
51,0,5,2939B
51,0,6,5152
51,0,7,5161
51,0,8,1085
51,0,9,2551
51,0,10,2556
51,0,11,3681
51,0,12,2550
51,0,13,2252
51,0,14,2617
51,0,15,2618
51,0,16,2619
51,0,17,2620
51,0,18,2621
51,0,19,2622
51,0,20,2623
51,0,21,2624
51,0,22,2625
51,0,23,3046
51,0,24,3074
51,1,0,3074
51,1,1,2598
51,1,2,2614
51,1,3,2599
51,1,4,2600
51,1,5,2601
51,1,6,2602
51,1,7,2605
51,1,8,2606
51,1,9,2607
51,1,10,2225
51,1,11,2226
51,1,12,3682
51,1,13,2523
51,1,14,2555
51,1,15,1015
51,1,16,5915
51,1,17,5719
51,1,18,2952B
51,1,19,2612
51,1,20,2631
51,1,21,2414
51,1,22,2415
51,1,23,2416
51,1,24,2417
52,0,0,2647
52,0,1,2648
52,0,2,1204
52,0,3,1205
52,0,4,1206
52,0,5,2564
52,0,6,2565
52,0,7,2566B
52,0,8,2567
52,0,9,2568
52,0,10,2569
52,0,11,2570
52,0,12,2571
52,0,13,2572
52,0,14,2573B
52,0,15,1767
52,0,16,2575
52,0,17,2576
52,0,18,2171
52,0,19,2547
52,0,20,4132B
52,0,21,2809
52,0,22,2810
52,0,23,2811
52,0,24,2824
52,0,25,2813
52,0,26,2814
52,0,27,2815B
52,0,28,2816
52,0,29,2817
52,0,30,2819
52,0,31,2312
52,0,32,1989
52,0,33,2365
52,0,34,2827
52,0,35,3001B
52,1,0,3001B
52,1,1,2352
52,1,2,2823B
52,1,3,2766
52,1,4,2362B
52,1,5,2363
52,1,6,2852
52,1,7,2853
52,1,8,2854
52,1,9,2855
52,1,10,2856B
52,1,11,2857B
52,1,12,2875
52,1,13,2861
52,1,14,2860
52,1,15,2545
52,1,16,4131B
52,1,17,2554
52,1,18,2170
52,1,19,2503
52,1,20,2504
52,1,21,1775
52,1,22,2506B
52,1,23,2507
52,1,24,2508
52,1,25,2509
52,1,26,2510
52,1,27,2511
52,1,28,2512
52,1,29,2513
52,1,30,2514
52,1,31,2522
52,1,32,2536
52,1,33,1259
52,1,34,1260
52,1,35,1483
53,0,0,1780
53,0,1,1734
53,0,2,3518B
53,0,3,3506
53,0,4,2928
53,0,5,2929
53,0,6,2972
53,0,7,2931
53,0,8,2932
53,0,9,2950
53,0,10,2934
53,0,11,2935
53,0,12,2936
53,0,13,2411B
53,0,14,2937B
53,0,15,2616B
53,0,16,2939B
53,0,17,5152
53,0,18,5161
53,0,19,1085
53,0,20,1072
53,1,0,1072
53,1,1,1015
53,1,2,5915
53,1,3,5719
53,1,4,2952B
53,1,5,2953B
53,1,6,2954B
53,1,7,2456
53,1,8,2955
53,1,9,2951
53,1,10,2957
53,1,11,2965
53,1,12,2959
53,1,13,2960
53,1,14,2971
53,1,15,2962
53,1,16,2963
53,1,17,2964B
53,1,18,2967B
53,1,19,2948
53,1,20,1780
54,0,0,1474B
54,0,1,2083
54,0,2,2068
54,0,3,6082
54,0,4,6190
54,0,5,9296
54,0,6,2106
54,0,7,2051
54,0,8,3451
54,0,9,3412
54,0,10,2101
54,0,11,6303B
54,0,12,2098
54,0,13,2898
54,0,14,6459
54,0,15,2367
54,0,16,6370
54,0,17,2299
54,0,18,1967
54,0,19,2095
54,0,20,2093
54,0,21,1989
54,0,22,2365
54,0,23,2827
54,0,24,2829B
54,0,25,1827
54,0,26,1837
54,0,27,1992
54,0,28,2378
54,1,0,2379
54,1,1,1991
54,1,2,1838
54,1,3,1839
54,1,4,2352
54,1,5,2823B
54,1,6,2822
54,1,7,1987
54,1,8,2092
54,1,9,2094
54,1,10,1974
54,1,11,2377
54,1,12,6368C
54,1,13,2096
54,1,14,6461
54,1,15,5740
54,1,16,2097
54,1,17,6364B
54,1,18,2100
54,1,19,2102
54,1,20,3414
54,1,21,2067
54,1,22,2105
54,1,23,9291
54,1,24,6191
54,1,25,2920
54,1,26,1273
54,1,27,1474B
55,0,0,1082
55,0,1,1052
55,0,2,1051
55,0,3,1356
55,0,4,2305
55,0,5,2326
55,0,6,1084
55,0,7,2308
55,0,8,3058
55,0,9,3059
55,0,10,2327
55,0,11,3061
55,0,12,1090
55,0,13,3063
55,0,14,2315
55,0,15,2316
55,0,16,2317
55,0,17,1838
55,0,18,1839
55,0,19,2352
55,0,20,3001B
55,1,0,3001B
55,1,1,1827
55,1,2,1837
55,1,3,2358
55,1,4,2359
55,1,5,2360
55,1,6,3003
55,1,7,1089
55,1,8,3005
55,1,9,3014
55,1,10,3007
55,1,11,3008
55,1,12,2376
55,1,13,1077
55,1,14,2325
55,1,15,2370
55,1,16,1349
55,1,17,1016
55,1,18,1024
55,1,19,1083
56,0,0,9751
56,0,1,9753
56,0,2,9754B
56,0,3,9755
56,0,4,9756
56,0,5,5905
56,0,6,5906
56,0,7,5908
56,0,8,5910
56,0,9,5913
56,0,10,5911B
56,0,11,5761
56,0,12,6461
56,0,13,5740
56,0,14,5741
56,0,15,5742B
56,0,16,6123
56,0,17,2089
56,0,18,2207
56,0,19,9025
56,0,20,1083
56,0,21,1904
56,0,22,2831
56,1,0,2831
56,1,1,2269
56,1,2,2587
56,1,3,1030
56,1,4,2271
56,1,5,2088
56,1,6,2237
56,1,7,2238
56,1,8,2239
56,1,9,2898
56,1,10,6459
56,1,11,5760
56,1,12,5958C
56,1,13,5965
56,1,14,5959
56,1,15,5961
56,1,16,5967
56,1,17,5968
56,1,18,9776
56,1,19,9777
56,1,20,9778
56,1,21,9779
56,1,22,9780
56,1,23,9751
57,0,0,3125
57,0,1,6158
57,0,2,1280B
57,0,3,3155
57,0,4,3156
57,0,5,3160
57,0,6,3158B
57,0,7,1476
57,0,8,6464
57,0,9,2970B
57,0,10,1569B
57,0,11,1582
57,0,12,3162
57,0,13,3163
57,0,14,3164
57,0,15,3165
57,0,16,3166
57,0,17,3167
57,0,18,3168
57,0,19,6459
57,0,20,3177
57,0,21,3180
57,0,22,3181
57,0,23,3172
57,0,24,3173
57,0,25,3174
57,0,26,3175B
57,0,27,3176
57,0,28,5299
57,1,0,5298
57,1,1,3126
57,1,2,3101
57,1,3,3102
57,1,4,3103
57,1,5,3104
57,1,6,3098
57,1,7,3099
57,1,8,3106
57,1,9,6461
57,1,10,5740
57,1,11,3109
57,1,12,3110
57,1,13,3111
57,1,14,3112
57,1,15,3113
57,1,16,3114
57,1,17,6017
57,1,18,3118
57,1,19,3100
57,1,20,2922B
57,1,21,6465
57,1,22,3117
57,1,23,3921
57,1,24,3120
57,1,25,3121
57,1,26,3508
57,1,27,3131
57,1,28,3125
58,0,0,1425
58,0,1,2920
58,0,2,1273
58,0,3,1270B
58,0,4,1271B
58,0,5,3921
58,0,6,1880
58,0,7,1881
58,0,8,1910
58,0,9,3122
58,0,10,1903
58,0,11,1912
58,0,12,4705
58,0,13,6408
58,0,14,2122
58,0,15,2846
58,0,16,2123
58,0,17,2124
58,0,18,2125
58,0,19,1251
58,0,20,4856B
58,0,21,4853
58,0,22,6931B
58,0,23,1652
58,0,24,1736
58,0,25,1737
58,0,26,2769
58,0,27,2770
58,0,28,2771
58,0,29,1949
58,0,30,1962
58,1,0,2701
58,1,1,1929
58,1,2,2702
58,1,3,2703
58,1,4,2704
58,1,5,2705
58,1,6,1738
58,1,7,1739
58,1,8,1653
58,1,9,6956B
58,1,10,4804B
58,1,11,4857B
58,1,12,1250
58,1,13,2131
58,1,14,2132
58,1,15,2133
58,1,16,2847
58,1,17,2134
58,1,18,6406
58,1,19,6453
58,1,20,1976
58,1,21,1977
58,1,22,1986
58,1,23,6112
58,1,24,1980
58,1,25,1884
58,1,26,1883
58,1,27,3160
58,1,28,3158B
58,1,29,1416
58,1,30,1418B
58,1,31,2068
59,0,0,1900
59,0,1,1904
59,0,2,1901
59,0,3,6435
59,0,4,9023B
59,0,5,6017
59,0,6,6018
59,0,7,6019
59,0,8,6020
59,0,9,9291
59,0,10,6191
59,0,11,6021
59,0,12,6023
59,0,13,6022B
59,0,14,6024
59,0,15,1136
59,0,16,2283
59,0,17,2289
59,1,0,2289
59,1,1,2287
59,1,2,1156
59,1,3,6053
59,1,4,6054B
59,1,5,6055
59,1,6,6056
59,1,7,6190
59,1,8,9296
59,1,9,6058
59,1,10,6059
59,1,11,6060
59,1,12,6061
59,1,13,6062
59,1,14,3313
59,1,15,6436
59,1,16,1988
59,1,17,1900
60,0,0,6445
60,0,1,3072
60,0,2,3353
60,0,3,3354
60,0,4,1508
60,0,5,1509
60,0,6,1510
60,0,7,1273
60,0,8,1402B
60,0,9,1419
60,0,10,1403
60,0,11,3251
60,0,12,3266
60,0,13,2247
60,0,14,3761
60,0,15,3762
60,0,16,3763
60,0,17,3766
60,0,18,3765
60,0,19,3274
60,0,20,3285
60,0,21,3401
60,1,0,3401
60,1,1,3702
60,1,2,3240
60,1,3,3704
60,1,4,3705
60,1,5,5308
60,1,6,2250
60,1,7,3216
60,1,8,3707
60,1,9,3217
60,1,10,3218
60,1,11,2920
60,1,12,3219
60,1,13,1569B
60,1,14,1570
60,1,15,1571
60,1,16,3358
60,1,17,3359
60,1,18,3062
60,1,19,6442
61,0,0,1824
61,0,1,6433
61,0,2,1729
61,0,3,1233
61,0,4,1706
61,0,5,1728
61,0,6,3160
61,0,7,3953
61,0,8,1135
61,0,9,1136
61,0,10,2283
61,0,11,1113
61,0,12,1139
61,0,13,1140
61,0,14,1141
61,0,15,3954
61,0,16,3952
61,0,17,3956
61,0,18,3957
61,0,19,3272
61,0,20,3273
61,0,21,3274
61,0,22,3285
61,0,23,3276
61,0,24,5046
61,0,25,5361
61,0,26,1283
61,0,27,2294B
61,0,28,2987
61,0,29,2986B
61,0,30,9946
61,1,0,9946
61,1,1,2895
61,1,2,2988
61,1,3,2292B
61,1,4,2908
61,1,5,3176
61,1,6,5362
61,1,7,5045
61,1,8,3207
61,1,9,3200
61,1,10,3401
61,1,11,3210B
61,1,12,3898
61,1,13,3904
61,1,14,3905
61,1,15,3906
61,1,16,3908
61,1,17,1152
61,1,18,1153
61,1,19,1154
61,1,20,2287
61,1,21,1156
61,1,22,1159
61,1,23,3912
61,1,24,3921
61,1,25,1769
61,1,26,1983
61,1,27,4367B
61,1,28,1776
61,1,29,6432
61,1,30,4952
62,0,0,1654
62,0,1,6433
62,0,2,1729
62,0,3,1131B
62,0,4,1132
62,0,5,2927
62,0,6,6464
62,0,7,2970B
62,0,8,1273
62,0,9,6082
62,0,10,6190
62,0,11,2974
62,0,12,2975
62,0,13,2976
62,0,14,2977
62,0,15,2990
62,0,16,2997
62,0,17,2980
62,0,18,2995
62,0,19,2982B
62,0,20,2900
62,0,21,2992
62,0,22,3176
62,0,23,5299
62,1,0,5298
62,1,1,3126
62,1,2,2909
62,1,3,2903
62,1,4,2910
62,1,5,2924
62,1,6,2912
62,1,7,2996
62,1,8,2926
62,1,9,2915
62,1,10,2916
62,1,11,2917
62,1,12,2918
62,1,13,6191
62,1,14,2920
62,1,15,2922B
62,1,16,6465
62,1,17,1497B
62,1,18,1160
62,1,19,1162C
62,1,20,1776
62,1,21,6432
62,1,22,4952
63,0,0,6445
63,0,1,3072
63,0,2,3353
63,0,3,3354
63,0,4,3355
63,0,5,9060
63,0,6,6435
63,0,7,6359
63,0,8,6410
63,0,9,2796
63,0,10,2839
63,0,11,6364B
63,0,12,2100
63,0,13,2102
63,0,14,3414
63,0,15,2067
63,0,16,6210
63,0,17,2975
63,0,18,2976
63,0,19,2977
63,0,20,2990
63,0,21,2997
63,0,22,2980
63,0,23,3361
63,0,24,3362
63,0,25,6081B
63,0,26,5361
63,0,27,1283
63,0,28,2294B
63,0,29,2987
63,0,30,2986B
63,0,31,2991
63,0,32,3042
63,1,0,3042
63,1,1,9702
63,1,2,9727
63,1,3,9728
63,1,4,9701
63,1,5,2888
63,1,6,2899
63,1,7,2905
63,1,8,2988
63,1,9,2292B
63,1,10,2908
63,1,11,3176
63,1,12,5362
63,1,13,5048
63,1,14,3304
63,1,15,3305
63,1,16,3306
63,1,17,3307
63,1,18,2996
63,1,19,2926
63,1,20,2915
63,1,21,2916
63,1,22,2917
63,1,23,3299
63,1,24,2051
63,1,25,3451
63,1,26,3412
63,1,27,2101
63,1,28,6303B
63,1,29,2792
63,1,30,2795
63,1,31,6411
63,1,32,5735
63,1,33,6438
63,1,34,6308
63,1,35,3062
63,1,36,6442
64,0,0,6445
64,0,1,3072
64,0,2,3353
64,0,3,3354
64,0,4,3355
64,0,5,9060
64,0,6,6435
64,0,7,6359
64,0,8,6410
64,0,9,2796
64,0,10,2839
64,0,11,6364B
64,0,12,2100
64,0,13,2102
64,0,14,2345
64,0,15,2346
64,0,16,2174
64,0,17,3449
64,0,18,3470
64,0,19,3448B
64,0,20,3450
64,0,21,3459
64,0,22,3460
64,0,23,3272
64,0,24,3273
64,0,25,3274
64,0,26,3285
64,0,27,3286B
64,0,28,3288
64,1,0,3284
64,1,1,3661
64,1,2,3210B
64,1,3,1535
64,1,4,3402
64,1,5,3403
64,1,6,3417
64,1,7,3419
64,1,8,3411
64,1,9,2173
64,1,10,3408
64,1,11,3409
64,1,12,3410
64,1,13,2101
64,1,14,6303B
64,1,15,2792
64,1,16,2795
64,1,17,6411
64,1,18,5735
64,1,19,6438
64,1,20,6308
64,1,21,3062
64,1,22,6442
65,0,0,2596
65,0,1,2296
65,0,2,6444
65,0,3,3502
65,0,4,3503
65,0,5,1734
65,0,6,3518B
65,0,7,3506
65,0,8,2928
65,0,9,5611
65,0,10,3508
65,0,11,3517
65,0,12,3510B
65,0,13,2397
65,0,14,5407
65,0,15,3514
65,0,16,3515
65,0,17,1597B
65,0,18,3520
65,1,0,3521
65,1,1,3556
65,1,2,1598B
65,1,3,3557
65,1,4,3558
65,1,5,3559
65,1,6,3525
65,1,7,2351
65,1,8,3562B
65,1,9,3570
65,1,10,3572
65,1,11,5612
65,1,12,2963
65,1,13,2964B
65,1,14,2967B
65,1,15,2948
65,1,16,3567
65,1,17,6447
65,1,18,2301
65,1,19,2595
65,1,20,2596
66,0,0,3513
66,0,1,3514
66,0,2,3515
66,0,3,1597B
66,0,4,3546
66,0,5,3551
66,0,6,3550
66,0,7,3549
66,0,8,6469
66,0,9,2046
66,0,10,3526
66,0,11,3529
66,0,12,3522
66,1,0,3522
66,1,1,3530
66,1,2,3524
66,1,3,1754
66,1,4,6468
66,1,5,4407
66,1,6,3552
66,1,7,3553
66,1,8,3547
66,1,9,3556
66,1,10,1598B
66,1,11,3557
66,1,12,3558
66,1,13,5407
67,0,0,2384
67,0,1,3810
67,0,2,3814
67,0,3,5963
67,0,4,9649B
67,0,5,2660
67,0,6,5923
67,0,7,5921B
67,0,8,5916
67,0,9,5917
67,0,10,1985B
67,0,11,5058
67,0,12,1951
67,1,0,1951
67,1,1,1984B
67,1,2,5952
67,1,3,5953
67,1,4,5920C
67,1,5,5922
67,1,6,2610
67,1,7,9686B
67,1,8,5964
67,1,9,3815
67,1,10,3851
67,1,11,2382
68,0,0,2383
68,0,1,1478
68,0,2,1479
68,0,3,1498
68,0,4,1480
68,0,5,5297B
68,0,6,1495
68,0,7,6856B
68,0,8,2319
68,0,9,1482
68,0,10,1260
68,0,11,1483
68,0,12,1484
68,0,13,1018
68,0,14,1486B
68,1,0,1486B
68,1,1,1487
68,1,2,2648
68,1,3,1204
68,1,4,1489
68,1,5,2375
68,1,6,1490
68,1,7,5296B
68,1,8,1492
68,1,9,1493
68,1,10,1541B
68,1,11,2382
69,0,0,1638B
69,0,1,1601
69,0,2,2424
69,0,3,1614B
69,0,4,1615
69,0,5,1605
69,0,6,1617
69,0,7,1602
69,0,8,1620B
69,0,9,1627
69,0,10,9164
69,0,11,1629
69,1,0,1629
69,1,1,1631
69,1,2,1656B
69,1,3,1668
69,1,4,1657
69,1,5,1669
69,1,6,1659
69,1,7,1660B
69,1,8,2425
69,1,9,1673
69,1,10,1638B
70,0,0,1638B
70,0,1,1601
70,0,2,2424
70,0,3,1616
70,0,4,1625
70,0,5,1375
70,0,6,1377
70,0,7,1380
70,0,8,9169
70,0,9,7501
70,1,0,7501
70,1,1,9561
70,1,2,1381
70,1,3,1387
70,1,4,1635
70,1,5,1659
70,1,6,1660B
70,1,7,2425
70,1,8,1673
70,1,9,1638B
71,0,0,3850
71,0,1,3815
71,0,2,3851
71,0,3,3860
71,0,4,3859
71,0,5,3856
71,0,6,1665
71,0,7,3858
71,0,8,3852
71,0,9,2528
71,0,10,2541
71,0,11,1662
71,1,0,1664
71,1,1,3800
71,1,2,3802
71,1,3,3804B
71,1,4,3805
71,1,5,1666
71,1,6,3808
71,1,7,3812
71,1,8,3853
71,1,9,3810
71,1,10,3814
71,1,11,3850
72,0,0,1339
72,0,1,2041
72,0,2,2042
72,0,3,2043
72,0,4,9853
72,0,5,2028
72,0,6,1531
72,0,7,1320
72,0,8,1533
72,0,9,3920
72,0,10,3902
72,0,11,3903
72,0,12,3904
72,0,13,3905
72,0,14,3911
72,0,15,6450
72,0,16,1462
72,0,17,6055
72,0,18,1463
72,0,19,1464
72,0,20,1474B
72,1,0,1474B
72,1,1,2083
72,1,2,1402B
72,1,3,1419
72,1,4,1403
72,1,5,1404
72,1,6,6448
72,1,7,3956
72,1,8,3957
72,1,9,3958
72,1,10,3959
72,1,11,3962
72,1,12,3463
72,1,13,1321
72,1,14,1551
72,1,15,2022
72,1,16,1043
72,1,17,2037
72,1,18,2038
72,1,19,2039
72,1,20,1339
73,0,0,2845
73,0,1,2864
73,0,2,4062
73,0,3,2176
73,0,4,2158B
73,0,5,2729
73,0,6,4156
73,0,7,4157
73,0,8,2160
73,0,9,9103
73,0,10,1065
73,0,11,1066
73,0,12,1067
73,0,13,1768
73,0,14,2801
73,0,15,2867
73,0,16,1467
73,0,17,9047
73,0,18,4259
73,0,19,2842
73,0,20,4072B
73,0,21,4261
73,0,22,4268
73,0,23,6482
73,0,24,2740
73,0,25,2742
73,0,26,2745
73,0,27,2747
73,0,28,2751
73,0,29,2813
73,0,30,2814
73,0,31,2815B
73,0,32,2816
73,0,33,2817
73,0,34,2756
73,0,35,2365
73,0,36,2822
73,1,0,2822
73,1,1,2758
73,1,2,2853
73,1,3,2854
73,1,4,2855
73,1,5,2856B
73,1,6,2857B
73,1,7,2755
73,1,8,2749
73,1,9,2746
73,1,10,2743
73,1,11,2741
73,1,12,6481
73,1,13,4228
73,1,14,4205B
73,1,15,4206B
73,1,16,4207
73,1,17,1466
73,1,18,4251
73,1,19,2874
73,1,20,1746
73,1,21,1008
73,1,22,1009
73,1,23,1010
73,1,24,1747
73,1,25,2162
73,1,26,4106
73,1,27,4107
73,1,28,2730
73,1,29,2159B
73,1,30,4162
73,1,31,4165
73,1,32,2845
74,0,0,2828
74,0,1,2830
74,0,2,1030
74,0,3,1052
74,0,4,1051
74,0,5,1356
74,0,6,2305
74,0,7,4252
74,0,8,4258
74,0,9,4266
74,0,10,4127
74,0,11,2554
74,0,12,2170
74,0,13,2863
74,0,14,6173
74,0,15,5295
74,0,16,2859
74,0,17,2877
74,0,18,6869
74,0,19,2871
74,0,20,2873
74,0,21,1467
74,0,22,2164
74,0,23,2850
74,0,24,1328
74,0,25,1721
74,0,26,1722
74,0,27,1727
74,1,0,1732
74,1,1,1743
74,1,2,1744
74,1,3,1334
74,1,4,2849
74,1,5,2163
74,1,6,1466
74,1,7,4251
74,1,8,2803
74,1,9,6800
74,1,10,2805
74,1,11,1788
74,1,12,2807
74,1,13,2808
74,1,14,2171
74,1,15,2547
74,1,16,4125
74,1,17,4267
74,1,18,4271
74,1,19,4217
74,1,20,2370
74,1,21,1349
74,1,22,1016
74,1,23,1024
74,1,24,1083
74,1,25,1904
74,1,26,2838
75,0,0,5400
75,0,1,5402
75,0,2,5399F
75,0,3,5403
75,0,4,5010
75,0,5,6501
75,0,6,6505
75,0,7,6504
75,0,8,4119F
75,0,9,6100
75,0,10,6122
75,0,11,2878F
75,0,12,2543F
75,0,13,6178
75,0,14,2720F
75,0,15,6012G
75,0,16,6412F
75,0,17,6014
75,0,18,6437F
75,0,19,6308F
75,0,20,6309F
75,0,21,6310F
75,0,22,6311
75,0,23,6312
75,0,24,6313
75,0,25,6314
75,0,26,5405
75,0,27,5406
75,0,28,5404
75,0,29,5408
75,0,30,5409
75,0,31,1047F
75,1,0,1059
75,1,1,5466
75,1,2,5467
75,1,3,5475
75,1,4,5469
75,1,5,5470
75,1,6,6361
75,1,7,6352
75,1,8,6353F
75,1,9,6354
75,1,10,6355F
75,1,11,6356F
75,1,12,6357F
75,1,13,6434F
75,1,14,6359F
75,1,15,6413F
75,1,16,6066G
75,1,17,2726F
75,1,18,6179
75,1,19,2537F
75,1,20,2879F
75,1,21,6174F
75,1,22,6171
75,1,23,4118F
75,1,24,6172
75,1,25,6552
75,1,26,6553
75,1,27,5081F
75,1,28,5471
75,1,29,5398F
75,1,30,5472
75,1,31,5474
76,0,0,5041F
76,0,1,5361F
76,0,2,2902
76,0,3,2903F
76,0,4,5872
76,0,5,5802
76,0,6,5803G
76,0,7,5804G
76,0,8,5805
76,0,9,5710F
76,0,10,5711F
76,0,11,5712F
76,0,12,1643F
76,0,13,5714
76,0,14,0531
76,0,15,0511
76,0,16,0501
76,0,17,0601
76,0,18,0611
76,0,19,0621
76,0,20,0631
76,0,21,2539F
76,0,22,2544F
76,0,23,2548F
76,0,24,5718
76,0,25,5123
76,0,26,5120
76,0,27,5119
76,0,28,2603
76,0,29,2604F
76,0,30,5121F
76,0,31,5719H
76,0,32,5720F
76,0,33,2608F
76,0,34,5721G
76,0,35,5722F
76,0,36,5723G
76,0,37,5724
76,0,38,5725
76,0,39,5729
76,0,40,5727F
76,1,0,5731F
76,1,1,5751
76,1,2,5753F
76,1,3,5754
76,1,4,1258G
76,1,5,5756F
76,1,6,2663G
76,1,7,2669F
76,1,8,2665F
76,1,9,5152G
76,1,10,5161F
76,1,11,2667F
76,1,12,2668
76,1,13,5155
76,1,14,5151
76,1,15,5159F
76,1,16,5757F
76,1,17,2672F
76,1,18,2670F
76,1,19,2671F
76,1,20,0636
76,1,21,0626
76,1,22,0616
76,1,23,0606
76,1,24,0506
76,1,25,0516
76,1,26,0526
76,1,27,5762
76,1,28,1642F
76,1,29,5765F
76,1,30,5766
76,1,31,5865
76,1,32,5866
76,1,33,5867F
76,1,34,5868
76,1,35,5801
76,1,36,2900F
76,1,37,2901
76,1,38,5362F
76,1,39,5039
77,0,0,2278
77,0,1,2268
77,0,2,1703
77,0,3,1128
77,0,4,6354B
77,0,5,6433
77,0,6,1729
77,0,7,1233
77,0,8,1906
77,0,9,1909
77,0,10,4303
77,0,11,4304
77,0,12,4305
77,0,13,4306
77,0,14,4307
77,0,15,3558
77,0,16,4308
77,0,17,4309
77,0,18,4310
77,0,19,4311
77,0,20,1453
77,0,21,4313
77,0,22,4314
77,0,23,4315
77,0,24,4318
77,1,0,4351
77,1,1,4348
77,1,2,4355
77,1,3,1455
77,1,4,4357
77,1,5,4358
77,1,6,4359
77,1,7,4360
77,1,8,3514
77,1,9,4362
77,1,10,4363
77,1,11,4364
77,1,12,4365
77,1,13,4366
77,1,14,1981
77,1,15,1983
77,1,16,4367B
77,1,17,1776
77,1,18,6432
77,1,19,1124
77,1,20,1165
77,1,21,3630
77,1,22,1781
77,1,23,2392
77,1,24,2278
78,0,0,6447
78,0,1,2301
78,0,2,2595
78,0,3,2303
78,0,4,2212
78,0,5,2578
78,0,6,1063
78,0,7,1376B
78,0,8,1128
78,0,9,1129
78,0,10,6355
78,0,11,6356
78,0,12,6357
78,0,13,6435
78,0,14,6359
78,0,15,6410
78,0,16,6418
78,0,17,6203
78,0,18,6210
78,0,19,6214
78,0,20,2249
78,0,21,3761
78,0,22,3762
78,0,23,3763
78,0,24,3766
78,0,25,3460
78,0,26,3272
78,0,27,3273
78,0,28,3274
78,0,29,3285
78,0,30,3401
78,1,0,3401
78,1,1,3210B
78,1,2,1535
78,1,3,3402
78,1,4,3240
78,1,5,3704
78,1,6,3705
78,1,7,5308
78,1,8,2248
78,1,9,3298
78,1,10,3299
78,1,11,3309
78,1,12,6416
78,1,13,6411
78,1,14,5735
78,1,15,6438
78,1,16,6308
78,1,17,3062
78,1,18,6442
78,1,19,6447
79,0,0,6447
79,0,1,2301
79,0,2,2595
79,0,3,2303
79,0,4,2212
79,0,5,2578
79,0,6,1063
79,0,7,1376B
79,0,8,1128
79,0,9,1726
79,0,10,4952
79,0,11,2681
79,0,12,3620B
79,0,13,1706
79,0,14,1728
79,0,15,3160
79,0,16,3158B
79,0,17,1416
79,0,18,1548B
79,0,19,1134
79,0,20,1135
79,0,21,1136
79,0,22,2283
79,0,23,1544
79,0,24,1545
79,0,25,1546
79,0,26,1500
79,1,0,1500
79,1,1,1859
79,1,2,1874
79,1,3,1875
79,1,4,2287
79,1,5,1156
79,1,6,1157
79,1,7,1158
79,1,8,1417B
79,1,9,3399
79,1,10,1271B
79,1,11,3921
79,1,12,1769
79,1,13,1983
79,1,14,3623B
79,1,15,2682
79,1,16,2177
79,1,17,6353
79,1,18,3567
79,1,19,6447
80,0,0,6447
80,0,1,2301
80,0,2,2595
80,0,3,2303
80,0,4,2212
80,0,5,2578
80,0,6,1063
80,0,7,1376B
80,0,8,1128
80,0,9,1129
80,0,10,6355
80,0,11,6356
80,0,12,3353
80,0,13,3354
80,0,14,1508
80,0,15,1509
80,0,16,1510
80,0,17,1273
80,0,18,1402B
80,0,19,1419
80,0,20,1403
80,0,21,3251
80,0,22,1516
80,0,23,6451
80,0,24,1518
80,0,25,1519
80,0,26,1520
80,0,27,1521
80,0,28,1522
80,0,29,3899
80,0,30,1529
80,0,31,1386
80,0,32,1584
80,0,33,1585
80,0,34,1586
80,0,35,1587
80,1,0,1587
80,1,1,1639
80,1,2,1640B
80,1,3,1641
80,1,4,1382
80,1,5,1578
80,1,6,3910
80,1,7,1557
80,1,8,1558
80,1,9,1559
80,1,10,1560
80,1,11,1561
80,1,12,6454
80,1,13,1563
80,1,14,3216
80,1,15,3707
80,1,16,3217
80,1,17,3218
80,1,18,2920
80,1,19,3219
80,1,20,1569B
80,1,21,1570
80,1,22,1571
80,1,23,3358
80,1,24,3359
80,1,25,3062
80,1,26,6442
80,1,27,6447
81,0,0,6443
81,0,1,2301
81,0,2,2595
81,0,3,2303
81,0,4,2212
81,0,5,2578
81,0,6,1063
81,0,7,1376B
81,0,8,1128
81,0,9,1726
81,0,10,3518B
81,0,11,3506
81,0,12,2928
81,0,13,5611
81,0,14,3508
81,0,15,3517
81,0,16,3510B
81,0,17,2397
81,0,18,5407
81,0,19,3514
81,0,20,4362
81,0,21,4363
81,0,22,4369
81,0,23,1716
81,0,24,2291B
81,0,25,1718B
81,0,26,1719
81,0,27,1720B
81,0,28,1731
81,0,29,2050
81,1,0,2050
81,1,1,1754
81,1,2,1751
81,1,3,1756B
81,1,4,1757
81,1,5,1758B
81,1,6,2290B
81,1,7,1760
81,1,8,1779
81,1,9,4306
81,1,10,4307
81,1,11,3558
81,1,12,3559
81,1,13,3525
81,1,14,2351
81,1,15,3562B
81,1,16,3570
81,1,17,3572
81,1,18,5612
81,1,19,2963
81,1,20,2964B
81,1,21,2967B
81,1,22,2177
81,1,23,6353
81,1,24,3567
81,1,25,6443
82,0,0,6443
82,0,1,2301
82,0,2,2595
82,0,3,2303
82,0,4,2212
82,0,5,2578
82,0,6,1063
82,0,7,1376B
82,0,8,1128
82,0,9,1726
82,0,10,4952
82,0,11,2681
82,0,12,3620B
82,0,13,1906
82,0,14,1909
82,0,15,4303
82,0,16,4304
82,0,17,4305
82,0,18,4306
82,0,19,4307
82,0,20,3558
82,0,21,4308
82,0,22,4309
82,0,23,4310
82,0,24,4311
82,0,25,1453
82,0,26,4313
82,0,27,4347
82,0,28,4349
82,1,0,4351
82,1,1,4348
82,1,2,4355
82,1,3,1455
82,1,4,4357
82,1,5,4358
82,1,6,4359
82,1,7,4360
82,1,8,3514
82,1,9,4362
82,1,10,4363
82,1,11,4364
82,1,12,4365
82,1,13,4366
82,1,14,1981
82,1,15,1983
82,1,16,3623B
82,1,17,2682
82,1,18,2177
82,1,19,6353
82,1,20,3567
82,1,21,6443
83,0,0,3347
83,0,1,2301
83,0,2,2595
83,0,3,2303
83,0,4,2212
83,0,5,2578
83,0,6,1063
83,0,7,1376B
83,0,8,1128
83,0,9,1726
83,0,10,3518B
83,0,11,3506
83,0,12,2928
83,0,13,5611
83,0,14,3519
83,0,15,1903
83,0,16,1912
83,0,17,4705
83,0,18,6408
83,0,19,2122
83,0,20,1322
83,0,21,2123
83,0,22,2124
83,0,23,2125
83,0,24,1251
83,0,25,4854C
83,0,26,4853
83,0,27,6931B
83,0,28,2010
83,0,29,5032B
83,0,30,2148
83,1,0,2150
83,1,1,5053B
83,1,2,2002
83,1,3,6956B
83,1,4,4804B
83,1,5,4857B
83,1,6,1250
83,1,7,2131
83,1,8,2132
83,1,9,2133
83,1,10,1323
83,1,11,2134
83,1,12,6406
83,1,13,6453
83,1,14,1976
83,1,15,1977
83,1,16,1986
83,1,17,3573
83,1,18,5612
83,1,19,2963
83,1,20,2964B
83,1,21,2967B
83,1,22,2177
83,1,23,6353
83,1,24,3567
83,1,25,1794
84,0,0,1794
84,0,1,2301
84,0,2,2595
84,0,3,2303
84,0,4,2212
84,0,5,2578
84,0,6,1063
84,0,7,1167
84,0,8,1168
84,0,9,1169
84,0,10,1801
84,0,11,2402
84,0,12,2334B
84,0,13,2404
84,0,14,5115
84,0,15,5111B
84,0,16,5101B
84,0,17,1229
84,0,18,1231
84,0,19,1239
84,0,20,2604
84,0,21,5121
84,0,22,5719
84,0,23,5720
84,0,24,2608
84,0,25,5721
84,0,26,5722
84,0,27,5723B
84,0,28,2477
84,1,0,5921B
84,1,1,1258B
84,1,2,5756
84,1,3,2663
84,1,4,2669
84,1,5,2665
84,1,6,5152
84,1,7,5161
84,1,8,2667
84,1,9,1240
84,1,10,1232
84,1,11,1230
84,1,12,5100B
84,1,13,5107B
84,1,14,2462
84,1,15,2463
84,1,16,2333
84,1,17,2465
84,1,18,2470
84,1,19,1125
84,1,20,1126
84,1,21,1127
84,1,22,1376B
84,1,23,1128
84,1,24,3567
84,1,25,3347
85,0,0,6445
85,0,1,2301
85,0,2,2595
85,0,3,2303
85,0,4,2212
85,0,5,2578
85,0,6,1063
85,0,7,1376B
85,0,8,1128
85,0,9,6354B
85,0,10,1734
85,0,11,3624B
85,0,12,5017
85,0,13,5018
85,0,14,6428
85,0,15,3625B
85,0,16,2950
85,0,17,1220
85,0,18,5810
85,0,19,5811
85,0,20,5812
85,0,21,5813
85,0,22,5814
85,0,23,5815
85,0,24,5816B
85,0,25,1926B
85,0,26,2165
85,0,27,5817
85,0,28,1929
85,0,29,1937
85,0,30,1931
85,0,31,1932
85,0,32,1933B
85,0,33,1939
85,0,34,1935
85,0,35,1936
85,0,36,1944
85,0,37,1938
85,1,0,2168
85,1,1,1953
85,1,2,1954
85,1,3,1955
85,1,4,1963
85,1,5,1957B
85,1,6,1958B
85,1,7,1959
85,1,8,1965
85,1,9,1961B
85,1,10,1962
85,1,11,2166
85,1,12,1964
85,1,13,5853B
85,1,14,5854
85,1,15,5855
85,1,16,5856
85,1,17,5857
85,1,18,5858
85,1,19,5859
85,1,20,1221
85,1,21,2965
85,1,22,2959
85,1,23,6430
85,1,24,5066
85,1,25,5067
85,1,26,1726
85,1,27,4952
85,1,28,1124
85,1,29,3567
85,1,30,6445
86,0,0,6445
86,0,1,2301
86,0,2,2595
86,0,3,2303
86,0,4,2212
86,0,5,2581
86,0,6,1227
86,0,7,2403
86,0,8,2215
86,0,9,2216
86,0,10,2217
86,0,11,2218
86,0,12,6809
86,0,13,2220
86,0,14,2535B
86,0,15,2323
86,0,16,2373
86,0,17,1482
86,0,18,1260
86,0,19,1261
86,1,0,1203
86,1,1,1204
86,1,2,1489
86,1,3,2518
86,1,4,2256B
86,1,5,2257B
86,1,6,6858C
86,1,7,2259
86,1,8,2260
86,1,9,2261
86,1,10,2262
86,1,11,2405
86,1,12,2264
86,1,13,2578
86,1,14,1063
86,1,15,2234
86,1,16,1144
86,1,17,6445
87,0,0,1794
87,0,1,2301
87,0,2,2595
87,0,3,2303
87,0,4,3320B
87,0,5,3221
87,0,6,3222
87,0,7,1245
87,0,8,1237
87,0,9,1244
87,0,10,1202
87,0,11,4111
87,0,12,1179
87,0,13,1180
87,0,14,1183
87,0,15,4152
87,0,16,1303
87,0,17,4153
87,0,18,1199
87,0,19,1236
87,0,20,1307
87,0,21,5168
87,0,22,5174
87,0,23,1195
87,0,24,1196
87,0,25,4059
87,0,26,2845
87,1,0,2845
87,1,1,4002B
87,1,2,1099
87,1,3,1116
87,1,4,5102
87,1,5,5105
87,1,6,1306
87,1,7,1094
87,1,8,1108
87,1,9,1304
87,1,10,1313
87,1,11,1314
87,1,12,1112
87,1,13,1114B
87,1,14,1115
87,1,15,6471
87,1,16,3009
87,1,17,3260
87,1,18,3261
87,1,19,2212
87,1,20,2578
87,1,21,1063
87,1,22,2840
87,1,23,2787
87,1,24,1794
88,0,0,3347
88,0,1,2301
88,0,2,2595
88,0,3,2267
88,0,4,2833
88,0,5,2269
88,0,6,2587
88,0,7,2271
88,0,8,2088
88,0,9,2537
88,0,10,1076B
88,0,11,6174B
88,0,12,4123
88,0,13,4132B
88,0,14,4274
88,0,15,4956
88,0,16,4276
88,0,17,4277
88,0,18,6482
88,0,19,4265
88,1,0,4264B
88,1,1,6481
88,1,2,4229
88,1,3,4230
88,1,4,4957
88,1,5,4232
88,1,6,4131B
88,1,7,4124
88,1,8,6097B
88,1,9,2844
88,1,10,2543
88,1,11,6123
88,1,12,2089
88,1,13,2207
88,1,14,9025
88,1,15,2209
88,1,16,2835
88,1,17,1901
88,1,18,2221
88,1,19,3347
89,0,0,3234
89,0,1,3238
89,0,2,3252
89,0,3,3281
89,0,4,3282
89,0,5,3253
89,0,6,3257
89,0,7,3263B
89,0,8,6648
89,0,9,3259B
89,0,10,3260
89,0,11,3261
89,0,12,1894
89,0,13,1820
89,0,14,2296
89,0,15,3347
89,1,0,3347
89,1,1,2301
89,1,2,2595
89,1,3,2303
89,1,4,3320B
89,1,5,3221
89,1,6,3222
89,1,7,3223B
89,1,8,3228
89,1,9,3226B
89,1,10,3225
89,1,11,3230
89,1,12,3231
89,1,13,3232
89,1,14,3233
89,1,15,3234
90,0,0,1203
90,0,1,2648
90,0,2,1204
90,0,3,1205
90,0,4,1206
90,0,5,1207
90,0,6,1208
90,0,7,2582
90,0,8,2585
90,0,9,1178
90,0,10,4595
90,0,11,1242
90,0,12,6754
90,0,13,6755
90,0,14,4253
90,0,15,1351
90,0,16,1356
90,0,17,2305
90,0,18,4252
90,0,19,4258
90,0,20,4266
90,0,21,4127
90,0,22,2558
90,1,0,2558
90,1,1,4267
90,1,2,4271
90,1,3,4217
90,1,4,2370
90,1,5,1348
90,1,6,1350
90,1,7,4213
90,1,8,4214
90,1,9,4074B
90,1,10,6702
90,1,11,6706
90,1,12,4594
90,1,13,1117
90,1,14,7752
90,1,15,2666
90,1,16,1256
90,1,17,1257
90,1,18,2536
90,1,19,1259
90,1,20,1260
90,1,21,1261
91,0,0,4011
91,0,1,4010
91,0,2,4062
91,0,3,2176
91,0,4,2158
91,0,5,4156
91,0,6,4157
91,0,7,2160
91,0,8,9103
91,0,9,1065
91,0,10,1066
91,0,11,1067
91,0,12,1768
91,0,13,2801
91,0,14,2867
91,0,15,1467
91,0,16,9047
91,0,17,4259
91,0,18,4260
91,0,19,4261
91,0,20,4268
91,0,21,6482
91,0,22,4265
91,1,0,4264B
91,1,1,6481
91,1,2,4228
91,1,3,4205
91,1,4,4206
91,1,5,4207
91,1,6,1466
91,1,7,4251
91,1,8,2874
91,1,9,1746
91,1,10,1008
91,1,11,1009
91,1,12,1010
91,1,13,1747
91,1,14,2162
91,1,15,4106
91,1,16,4107
91,1,17,2159
91,1,18,4162
91,1,19,4165
91,1,20,4011
92,0,0,1794
92,0,1,2301
92,0,2,2595
92,0,3,2303
92,0,4,3320B
92,0,5,3221
92,0,6,3222
92,0,7,1245
92,0,8,1237
92,0,9,1244
92,0,10,1202
92,0,11,4111
92,0,12,1179
92,0,13,1180
92,0,14,1183
92,0,15,4152
92,0,16,1303
92,0,17,4153
92,0,18,1199
92,0,19,1236
92,0,20,1307
92,0,21,5168
92,0,22,5174
92,0,23,1195
92,0,24,1196
92,0,25,4059
92,0,26,4011
92,1,0,4011
92,1,1,4002B
92,1,2,1099
92,1,3,1116
92,1,4,5102
92,1,5,5105
92,1,6,1306
92,1,7,1094
92,1,8,1108
92,1,9,1304
92,1,10,1313
92,1,11,1314
92,1,12,1112
92,1,13,1114B
92,1,14,1115
92,1,15,6471
92,1,16,3009
92,1,17,3260
92,1,18,3261
92,1,19,2212
92,1,20,2578
92,1,21,1063
92,1,22,2234
92,1,23,1144
92,1,24,1794
93,0,0,3211
93,0,1,1801
93,0,2,2467
93,0,3,1125
93,0,4,1126
93,0,5,1127
93,0,6,1376B
93,0,7,1128
93,0,8,6354B
93,0,9,6433
93,0,10,1729
93,0,11,1131B
93,0,12,1132
93,0,13,1133
93,0,14,1134
93,0,15,1135
93,0,16,1136
93,0,17,2283
93,0,18,1113
93,0,19,1139
93,0,20,1140
93,0,21,1141
93,0,22,1138
93,0,23,1522
93,0,24,3899
93,0,25,3900
93,0,26,2430
93,0,27,3920
93,0,28,3902
93,0,29,3903
93,0,30,2429
93,1,0,2429
93,1,1,3958
93,1,2,3959
93,1,3,3962
93,1,4,2431
93,1,5,3909
93,1,6,3910
93,1,7,3919
93,1,8,1150
93,1,9,1152
93,1,10,1153
93,1,11,1154
93,1,12,2287
93,1,13,1156
93,1,14,1157
93,1,15,1158
93,1,16,1476
93,1,17,1497B
93,1,18,1160
93,1,19,1162C
93,1,20,1776
93,1,21,6432
93,1,22,1124
93,1,23,1165
93,1,24,1800
93,1,25,1167
93,1,26,1168
93,1,27,1169
93,1,28,2500
94,0,0,1726
94,0,1,3624B
94,0,2,5017
94,0,3,5018
94,0,4,6428
94,0,5,2790
94,0,6,2791
94,0,7,2692
94,0,8,7395
94,0,9,7396
94,1,0,7396
94,1,1,7606
94,1,2,2693
94,1,3,2932
94,1,4,6430
94,1,5,5066
94,1,6,5067
94,1,7,1726
95,0,0,2696
95,0,1,7228
95,0,2,2697
95,0,3,2698
95,0,4,2699
95,0,5,2283
95,1,0,2289
95,1,1,2675
95,1,2,7968B
95,1,3,7432B
95,1,4,7221
96,0,0,2880
96,0,1,2248
96,0,2,3298
96,0,3,3299
96,0,4,2051
96,0,5,3451
96,0,6,3412
96,0,7,2101
96,0,8,6303B
96,0,9,2792
96,0,10,2795
96,0,11,6066
96,0,12,2881
96,1,0,2881
96,1,1,7907
96,1,2,7645
96,1,3,2839
96,1,4,6364B
96,1,5,2100
96,1,6,2102
96,1,7,3414
96,1,8,2067
96,1,9,6210
96,1,10,6214
96,1,11,2249
97,0,0,2701
97,0,1,1929
97,0,2,6997
97,0,3,7344B
97,1,0,7345B
97,1,1,7736
97,1,2,1961B
97,1,3,1962
98,0,0,2341
98,0,1,4264B
98,1,0,4264B
98,1,1,6481
98,1,2,2341
